product_name,Stars,Ratings,Reviews,current_price,MRP,processor,RAM,storage,ImageURL
AXL Celeron Dual Core 9th Gen ,3.3,4,0,18990,33990,Intel Celeron Dual Core Processor (9th Gen),4 GB DDR4 RAM,256 GB SSD,https://rukminim1.flixcart.com/image/312/312/xif0q/computer/6/x/5/vayu-book-thin-and-light-laptop-axl-original-imagq42brczpgczx.jpeg?q=70
AXL Celeron Dual Core ,3.8,31,5,16999,31990,Intel Celeron Dual Core Processor,4 GB DDR4 RAM,128 GB SSD,https://rukminim1.flixcart.com/image/312/312/xif0q/computer/e/g/w/axl-intel-celeron-newly-launched-thin-light-laptop-14-1-inch-hd-original-imaghksyvhshpzry.jpeg?q=70
Primebook 4G Android Based MediaTek MT8788 ,4.1,819,264,16990,24990,MediaTek MediaTek MT8788 Processor,4 GB LPDDR4 RAM,29.46 cm (11.6 Inch) Display,https://rukminim1.flixcart.com/image/312/312/xif0q/computer/i/j/k/-original-imagzzsh3afavghf.jpeg?q=70
Primebook 4G Android Based MediaTek MT8788 ,3.9,177,56,18990,24990,MediaTek MediaTek MT8788 Processor,4 GB LPDDR4 RAM,29.46 cm (11.6 Inch) Display,https://rukminim1.flixcart.com/image/312/312/xif0q/computer/i/j/k/-original-imagzzsh3afavghf.jpeg?q=70
Lenovo Athlon Dual Core 3050U ,3.8,121,11,19650,35000,AMD Athlon Dual Core Processor,4 GB DDR4 RAM,256 GB SSD,https://rukminim1.flixcart.com/image/312/312/xif0q/computer/g/w/y/-original-imagmuhrzbmzwnee.jpeg?q=70
Lenovo Athlon Dual Core ,3.7,155,16,18999,38000,AMD Athlon Dual Core Processor,4 GB DDR4 RAM,256 GB SSD,https://rukminim1.flixcart.com/image/312/312/xif0q/computer/g/w/y/-original-imagmuhrzbmzwnee.jpeg?q=70
ASUS Chromebook Flip Touch Celeron Dual Core ,4,2869,394,16990,31990,Intel Celeron Dual Core Processor,4 GB LPDDR4 RAM,29.46 cm (11.6 inch) Touchscreen Display,https://rukminim1.flixcart.com/image/312/312/xif0q/computer/s/z/n/-original-imagg3fxfrttfgvj.jpeg?q=70
Avita SATUS S111 Celeron Dual Core ,3.7,1008,137,16990,29990,Intel Celeron Dual Core Processor,4 GB DDR4 RAM,128 GB SSD,https://rukminim1.flixcart.com/image/312/312/l2qhjm80/computer/f/8/i/-original-imageye8rydawpxz.jpeg?q=70
Avita SATUS S111 Celeron Dual Core ,3.7,1008,137,16990,29990,Intel Celeron Dual Core Processor,4 GB DDR4 RAM,128 GB SSD,https://rukminim1.flixcart.com/image/312/312/l2qhjm80/computer/q/9/e/-original-imageye8tzbey747.jpeg?q=70
ASUS EeeBook 12 Celeron Dual Core ,4.6,16,1,16990,27990,Intel Celeron Dual Core Processor,4 GB DDR4 RAM,29.46 cm (11.6 Inch) Display,https://rukminim1.flixcart.com/image/312/312/xif0q/computer/4/9/i/-original-imagpxgqz3hujkrn.jpeg?q=70
ASUS EeeBook 12 Celeron Dual Core ,3.7,61,7,17990,27990,Intel Celeron Dual Core Processor,4 GB DDR4 RAM,29.46 cm (11.6 inch) Display,https://rukminim1.flixcart.com/image/312/312/l3t2fm80/computer/w/y/7/-original-imageuecxufgrnab.jpeg?q=70
ASUS Chromebook Flip Touch Celeron Dual Core ,4,2869,394,15990,29990,Intel Celeron Dual Core Processor,4 GB LPDDR4 RAM,29.46 cm (11.6 inch) Touchscreen Display,https://rukminim1.flixcart.com/image/312/312/l2jcccw0/computer/q/t/6/-original-imagdv4ykwrjxbmh.jpeg?q=70
ASUS Chromebook Celeron Dual Core ,3.5,1330,158,19490,21990,Intel Celeron Dual Core Processor,4 GB LPDDR4 RAM,29.46 cm (11.6 inch) Display,https://rukminim1.flixcart.com/image/312/312/kr2e3680/computer/6/c/b/na-thin-and-light-laptop-asus-original-imag4yykqxyhb7h3.jpeg?q=70
ASUS Chromebook Touch Intel Celeron Dual Core ,4,1102,147,15990,29990,Intel Celeron Dual Core Processor,4 GB LPDDR4 RAM,35.56 cm (14 inch) Touchscreen Display,https://rukminim1.flixcart.com/image/312/312/l2jcccw0/computer/6/m/g/-original-imagdv4fkhthwyzb.jpeg?q=70
ASUS Chromebook Touch Intel Celeron Dual Core ,3.8,1252,196,16990,30990,Intel Celeron Dual Core Processor,4 GB LPDDR4 RAM,39.62 cm (15.6 inch) Touchscreen Display,https://rukminim1.flixcart.com/image/312/312/l2jcccw0/computer/s/d/u/-original-imagdv4f66jmsqfv.jpeg?q=70
HP Chromebook MediaTek Kompanio 500 ,3.8,6338,713,19990,25451,MediaTek MediaTek Kompanio 500 Processor,4 GB LPDDR4X RAM,29.46 cm (11.6 inch) Touchscreen Display,https://rukminim1.flixcart.com/image/312/312/xif0q/computer/2/m/e/-original-imagkqwzw9cdvgj2.jpeg?q=70
Acer Chromebook Celeron Dual Core ,4.1,14,3,20990,29999,Intel Celeron Dual Core Processor,4 GB LPDDR4 RAM,35.56 cm (14 Inch) Display,https://rukminim1.flixcart.com/image/312/312/xif0q/computer/t/6/a/-original-imagpqr3ns8g4ja9.jpeg?q=70
Acer One 11 Celeron Dual Core ,0,0,0,23490,39999,Intel Celeron Dual Core Processor,8 GB DDR4 RAM,256 GB SSD,https://rukminim1.flixcart.com/image/312/312/xif0q/computer/p/v/p/z8-284-thin-and-light-laptop-acer-original-imagp7uwvpeyvuxm.jpeg?q=70
HP 247 G8 Athlon Dual Core AMD Athlon P3045B ,3.8,47,3,23799,33267,AMD Athlon Dual Core Processor,8 GB DDR4 RAM,1 TB HDD,https://rukminim1.flixcart.com/image/312/312/xif0q/computer/r/z/q/247-g8-notebook-thin-and-light-laptop-hp-original-imagp2hsfejychux.jpeg?q=70
Acer One 11 Celeron Dual Core ,0,0,0,21490,35999,Intel Celeron Dual Core Processor,4 GB DDR4 RAM,128 GB SSD,https://rukminim1.flixcart.com/image/312/312/xif0q/computer/p/v/p/z8-284-thin-and-light-laptop-acer-original-imagp7uwvpeyvuxm.jpeg?q=70
HP Celeron Dual Core ,3.4,5,2,23990,33390,Intel Celeron Dual Core Processor,4 GB LPDDR4X RAM,39.62 cm (15.6 Inch) Display,https://rukminim1.flixcart.com/image/312/312/xif0q/computer/e/v/4/15a-na0012tu-thin-and-light-laptop-hp-original-imagnxac6v3srvpw.jpeg?q=70
Infinix Y1 Plus Neo Intel Celeron Quad Core 11th Gen ,4.1,628,98,23490,34990,Intel Celeron Quad Core Processor (11th Gen),8 GB LPDDR4X RAM,256 GB SSD,https://rukminim1.flixcart.com/image/312/312/xif0q/computer/b/l/n/xl30-thin-and-light-laptop-infinix-original-imagzmncmw5wukam.jpeg?q=70
Lenovo Lenovo V15 Celeron Dual Core 4th Gen ,0,0,0,23490,42032,Intel Celeron Dual Core Processor (4th Gen),8 GB DDR4 RAM,256 GB SSD,https://rukminim1.flixcart.com/image/312/312/xif0q/screen-guard/screen-guard/4/b/d/asg-14715-saco-original-imaghqbah9jycshw.jpeg?q=70
Infinix Y1 Plus Neo Intel Celeron Quad Core 11th Gen ,4.1,628,98,23490,34990,Intel Celeron Quad Core Processor (11th Gen),8 GB LPDDR4X RAM,256 GB SSD,https://rukminim1.flixcart.com/image/312/312/xif0q/computer/t/d/v/xl30-thin-and-light-laptop-infinix-original-imagzmncdyme776h.jpeg?q=70
HP Core i3 11th Gen ,4.7,7,0,37999,44253,Intel Core i3 Processor (11th Gen),8 GB DDR4 RAM,512 GB SSD,https://rukminim1.flixcart.com/image/312/312/l0zm64w0/computer/2/a/h/255-g8-laptop-hp-original-imagcnk9gvmqvhaq.jpeg?q=70
HP 15s Intel Core i3 11th Gen ,4.2,303,24,38890,49631,Intel Core i3 Processor (11th Gen),8 GB DDR4 RAM,1 TB HDD|256 GB SSD,https://rukminim1.flixcart.com/image/312/312/xif0q/computer/c/j/m/-original-imagp7pfxqsgtgjj.jpeg?q=70
HP Victus Gaming Ryzen 5 Hexa Core 5600H ,4.4,9,0,62490,72526,AMD Ryzen 5 Hexa Core Processor,16 GB DDR4 RAM,512 GB SSD,https://rukminim1.flixcart.com/image/312/312/xif0q/computer/p/m/6/15-fb0121ax-gaming-laptop-hp-original-imagp39ksrhjaxfa.jpeg?q=70
HP Victus Gaming Ryzen 5 Hexa Core 5600H ,5,3,0,63990,75980,AMD Ryzen 5 Hexa Core Processor,8 GB DDR4 RAM,512 GB SSD,https://rukminim1.flixcart.com/image/312/312/xif0q/computer/m/i/w/15-fb0137ax-gaming-laptop-hp-original-imagpb7cffc2yvgw.jpeg?q=70
HP Core i3 11th Gen ,0,0,0,36990,41600,Intel Core i3 Processor (11th Gen),8 GB DDR4 RAM,512 GB SSD,https://rukminim1.flixcart.com/image/312/312/xif0q/computer/v/h/z/15s-fq2738tu-laptop-hp-original-imagzu7dr64z6haf.jpeg?q=70
HP 15s Intel Core i3 11th Gen ,4.4,87,11,38700,48399,Intel Core i3 Processor (11th Gen),8 GB DDR4 RAM,256 GB SSD,https://rukminim1.flixcart.com/image/312/312/xif0q/computer/c/1/y/-original-imagp7pgfzfhavj7.jpeg?q=70
HP Victus Gaming Ryzen 5 Hexa Core 5600H ,5,3,0,66990,78858,AMD Ryzen 5 Hexa Core Processor,16 GB DDR4 RAM,512 GB SSD,https://rukminim1.flixcart.com/image/312/312/xif0q/computer/m/i/w/15-fb0137ax-gaming-laptop-hp-original-imagpb7cffc2yvgw.jpeg?q=70
HP Victus Gaming Ryzen 5 Hexa Core 5600H ,4.4,9,0,55990,66769,AMD Ryzen 5 Hexa Core Processor,8 GB DDR4 RAM,512 GB SSD,https://rukminim1.flixcart.com/image/312/312/xif0q/computer/l/k/h/-original-imagpkbv6zpcfts5.jpeg?q=70
HP 15s Ryzen 3 Dual Core 3250U ,4.1,7599,935,42000,43900,AMD Ryzen 3 Dual Core Processor,8 GB DDR4 RAM,1 TB HDD,https://rukminim1.flixcart.com/image/312/312/kk2wl8w0/computer/z/u/5/hp-original-imafzgdgcbtxvjka.jpeg?q=70
HP 15s Ryzen 3 Dual Core 3250U ,4.3,4548,518,37290,47600,AMD Ryzen 3 Dual Core Processor,8 GB DDR4 RAM,1 TB HDD|256 GB SSD,https://rukminim1.flixcart.com/image/312/312/kk2wl8w0/computer/z/u/5/hp-original-imafzgdgcbtxvjka.jpeg?q=70
HP Ryzen 3 Dual Core ,0,0,0,36800,44900,AMD Ryzen 3 Dual Core Processor,8 GB DDR4 RAM,512 GB SSD,https://rukminim1.flixcart.com/image/312/312/ky4qgsw0/computer/j/f/5/240-g8-laptop-hp-original-imagaffva46zgucg.jpeg?q=70
HP 14s Intel Core i3 11th Gen ,4.3,3078,323,38999,48933,Intel Core i3 Processor (11th Gen),8 GB DDR4 RAM,256 GB SSD,https://rukminim1.flixcart.com/image/312/312/l0zm64w0/computer/k/h/m/14s-dq2606tu-thin-and-light-laptop-hp-original-imagcnsfnrzvzbs6.jpeg?q=70
HP Chromebook (2023) Intel Core i5 11th Gen ,4.5,13,0,55990,72154,Intel Core i5 Processor (11th Gen),8 GB DDR4 RAM,256 GB SSD,https://rukminim1.flixcart.com/image/312/312/kwv0djk0/computer/3/n/y/14c-cc0010tu-chromebook-hp-original-imag9g9mhckzhuqt.jpeg?q=70
HP Victus Intel Core i7 13th Gen ,4.8,4,2,109990,127764,Intel Core i7 Processor (13th Gen),16 GB DDR4 RAM,512 GB SSD,https://rukminim1.flixcart.com/image/312/312/xif0q/computer/0/3/6/15-fa1066tx-gaming-laptop-hp-original-imagp39hm3tg4ahv.jpeg?q=70
HP Ryzen 3 Dual Core 3250U ,4.1,1483,148,35499,45900,AMD Ryzen 3 Dual Core Processor,8 GB DDR4 RAM,256 GB SSD,https://rukminim1.flixcart.com/image/312/312/xif0q/computer/1/y/s/-original-imagp8xzdm3andcg.jpeg?q=70
HP Intel Core i3 11th Gen ,4.4,5503,578,39350,46571,Intel Core i3 Processor (11th Gen),8 GB DDR4 RAM,256 GB SSD,https://rukminim1.flixcart.com/image/312/312/xif0q/computer/b/w/w/-original-imagp7pfyd8rbp6z.jpeg?q=70
HP intel Celeron Dual Core ,3.7,174,21,20990,31531,Intel Celeron Dual Core Processor,4 GB LPDDR4 RAM,35.56 cm (14 Inch) Touchscreen Display,https://rukminim1.flixcart.com/image/312/312/xif0q/computer/6/p/a/chromebook-chromebook-hp-original-imagkwj8tahdykbd.jpeg?q=70
HP Chromebook MediaTek Kompanio 500 ,3.8,6338,713,19990,25451,MediaTek MediaTek Kompanio 500 Processor,4 GB LPDDR4X RAM,29.46 cm (11.6 inch) Touchscreen Display,https://rukminim1.flixcart.com/image/312/312/xif0q/computer/2/m/e/-original-imagkqwzw9cdvgj2.jpeg?q=70
HP G8 Ryzen 3 Dual Core AMD Ryzen 3 3250U ,4.2,242,10,28990,40532,AMD Ryzen 3 Dual Core Processor,8 GB DDR4 RAM,512 GB SSD,https://rukminim1.flixcart.com/image/312/312/xif0q/computer/d/q/o/245-g8-business-laptop-hp-original-imagjdywrx9g8yph.jpeg?q=70
HP Core i3 11th Gen ,3.9,13,0,38000,49990,Intel Core i3 Processor (11th Gen),8 GB DDR4 RAM,512 GB SSD,https://rukminim1.flixcart.com/image/312/312/ky4qgsw0/computer/j/f/5/240-g8-laptop-hp-original-imagaffva46zgucg.jpeg?q=70
HP Ryzen 5 Quad Core 3500U 3rd Gen ,3.5,42,7,39444,44999,AMD Ryzen 5 Quad Core Processor (3rd Gen),8 GB DDR4 RAM,1 TB HDD,https://rukminim1.flixcart.com/image/312/312/knoxnrk0/computer/q/l/s/255-g8-laptop-hp-original-imag2bfzgjwkgdkz.jpeg?q=70
HP 15s Ryzen 3 Dual Core 3200U ,4.4,783,151,38000,38500,AMD Ryzen 3 Dual Core Processor,4 GB DDR4 RAM,512 GB SSD,https://rukminim1.flixcart.com/image/312/312/k5fn3ww0/computer/9/n/g/hp-na-original-imafz4duahdyw5rn.jpeg?q=70
Lenovo IdeaPad 3 Core i3 11th Gen ,4.2,70,5,34990,60090,Intel Core i3 Processor (11th Gen),8 GB DDR4 RAM,256 GB SSD,https://rukminim1.flixcart.com/image/312/312/ky90scw0/computer/k/7/k/ideapad-slim-82h801lgin-laptop-lenovo-original-imagagrpkzaxrcdc.jpeg?q=70
ASUS Vivobook Go 15 (2023) Ryzen 3 Quad Core 7320U ,4.2,406,56,35990,50990,AMD Ryzen 3 Quad Core Processor,8 GB LPDDR5 RAM,512 GB SSD,https://rukminim1.flixcart.com/image/312/312/xif0q/computer/i/u/p/-original-imagpxgrxrqsmdqz.jpeg?q=70
HP 14s Intel Pentium Quad Core ,3.9,510,56,31499,39232,Intel Pentium Quad Core Processor,8 GB DDR4 RAM,256 GB SSD,https://rukminim1.flixcart.com/image/312/312/xif0q/computer/b/u/y/-original-imagp8xzmamquskg.jpeg?q=70
HP Ryzen 3 Dual Core 3250U ,3.7,53,5,34500,45814,AMD Ryzen 3 Dual Core Processor,8 GB DDR4 RAM,256 GB SSD,https://rukminim1.flixcart.com/image/312/312/xif0q/computer/l/y/r/-original-imagp8xz4dujqh7h.jpeg?q=70
HP G8 Ryzen 3 Dual Core 3250U ,3.6,70,6,31999,41610,AMD Ryzen 3 Dual Core Processor,8 GB DDR4 RAM,1 TB HDD,https://rukminim1.flixcart.com/image/312/312/kyag87k0/computer/t/9/o/hp-245-g8-business-laptop-hp-original-imagajx7mhrfhgsq.jpeg?q=70
HP Victus Gaming Ryzen 5 Hexa Core 5600H ,4.4,9,0,62490,72526,AMD Ryzen 5 Hexa Core Processor,16 GB DDR4 RAM,512 GB SSD,https://rukminim1.flixcart.com/image/312/312/xif0q/computer/p/m/6/15-fb0121ax-gaming-laptop-hp-original-imagp39ksrhjaxfa.jpeg?q=70
HP 255 G8 Ryzen 3 Dual Core AMD Ryzen3 3250 ,4.6,9,1,33790,44912,AMD Ryzen 3 Dual Core Processor,8 GB DDR4 RAM,512 GB SSD,https://rukminim1.flixcart.com/image/312/312/l48s9zk0/computer/6/z/k/hp-laptop-255-g8-notebook-notebook-hp-original-imagf6hthg9zbxug.jpeg?q=70
HP 14s Celeron Dual Core ,4,1800,256,31000,36900,Intel Celeron Dual Core Processor,8 GB DDR4 RAM,256 GB SSD,https://rukminim1.flixcart.com/image/312/312/xif0q/computer/u/0/f/-original-imagp7pfrdspynde.jpeg?q=70
HP Pentium Quad Core ,4.2,1812,236,31500,38500,Intel Pentium Quad Core Processor,8 GB DDR4 RAM,256 GB SSD,https://rukminim1.flixcart.com/image/312/312/xif0q/computer/t/j/g/-original-imagp8xzcrqaqykz.jpeg?q=70
HP Victus Gaming Ryzen 5 Hexa Core 5600H ,5,3,0,63990,75980,AMD Ryzen 5 Hexa Core Processor,8 GB DDR4 RAM,512 GB SSD,https://rukminim1.flixcart.com/image/312/312/xif0q/computer/m/i/w/15-fb0137ax-gaming-laptop-hp-original-imagpb7cffc2yvgw.jpeg?q=70
HP Athlon Dual Core 3050U ,4,1311,122,32500,38176,AMD Athlon Dual Core Processor,8 GB DDR4 RAM,256 GB SSD,https://rukminim1.flixcart.com/image/312/312/xif0q/computer/w/o/n/-original-imagp8xyz7kr5dhf.jpeg?q=70
HP 247 G8 Ryzen 5 Dual Core AMD Ryzen 5 3500U ,2.8,4,2,34499,63426,AMD Ryzen 5 Dual Core Processor,8 GB DDR4 RAM,512 GB SSD,https://rukminim1.flixcart.com/image/312/312/xif0q/computer/w/1/2/245-g8-notebook-hp-original-imagnyeszwpsmabc.jpeg?q=70
HP Athlon Dual Core 3050U ,4,64,7,22990,30099,AMD Athlon Dual Core Processor,4 GB DDR4 RAM,256 GB SSD,https://rukminim1.flixcart.com/image/312/312/xif0q/computer/c/u/a/255-g8-notebook-hp-original-imagjhbj4jf3pjdy.jpeg?q=70
HP Victus Gaming Ryzen 5 Hexa Core 5600H ,5,3,0,66990,78858,AMD Ryzen 5 Hexa Core Processor,16 GB DDR4 RAM,512 GB SSD,https://rukminim1.flixcart.com/image/312/312/xif0q/computer/m/i/w/15-fb0137ax-gaming-laptop-hp-original-imagpb7cffc2yvgw.jpeg?q=70
HP Chromebook Intel Celeron Dual Core ,3.6,273,28,29990,31000,Intel Celeron Dual Core Processor,4 GB DDR4 RAM,35.56 cm (14 inch) Touchscreen Display,https://rukminim1.flixcart.com/image/312/312/kingqkw0-0/computer/6/c/w/na-thin-and-light-laptop-hp-original-imafye43xnztgqfh.jpeg?q=70
HP Athlon Dual Core ,0,0,0,27500,29990,AMD Athlon Dual Core Processor,4 GB DDR4 RAM,256 GB HDD|256 GB SSD,https://rukminim1.flixcart.com/image/312/312/xif0q/computer/5/i/o/255-g8-business-laptop-hp-original-imagzcsjwwadsey2.jpeg?q=70
HP Ryzen 3 Dual Core ,3.5,6,1,25999,39600,AMD Ryzen 3 Dual Core Processor,4 GB DDR4 RAM,1 TB HDD,https://rukminim1.flixcart.com/image/312/312/xif0q/computer/w/1/2/245-g8-notebook-hp-original-imagnyeszwpsmabc.jpeg?q=70
HP Victus Gaming Ryzen 5 Hexa Core 5600H ,4.4,9,0,55990,66769,AMD Ryzen 5 Hexa Core Processor,8 GB DDR4 RAM,512 GB SSD,https://rukminim1.flixcart.com/image/312/312/xif0q/computer/l/k/h/-original-imagpkbv6zpcfts5.jpeg?q=70
APPLE 2020 Macbook Air M1 ,4.7,10279,890,79990,99900,Apple M1 Processor,8 GB DDR4 RAM,256 GB SSD,https://rukminim1.flixcart.com/image/312/312/kp5sya80/screen-guard/tempered-glass/o/v/n/apple-macbook-air-m1-13-3-inch-lightwings-original-imag3gh5xftgbpg3.jpeg?q=70
HP 15s Intel Core i5 12th Gen ,4.3,1708,117,55990,70235,Intel Core i5 Processor (12th Gen),8 GB DDR4 RAM,512 GB SSD,https://rukminim1.flixcart.com/image/312/312/xif0q/computer/j/y/9/-original-imagp7pfaztvgxv3.jpeg?q=70
MSI Core i5 11th Gen ,4.2,9,2,49990,69990,Intel Core i5 Processor (11th Gen),8 GB DDR4 RAM,1 TB HDD|256 GB SSD,https://rukminim1.flixcart.com/image/312/312/l2qhjm80/computer/l/t/g/gf63-thin-11uc-867in-gaming-laptop-msi-original-imageyk5hzuthuyf.jpeg?q=70
ASUS Chromebook Touch Intel Celeron Dual Core ,3.8,1252,196,16990,30990,Intel Celeron Dual Core Processor,4 GB LPDDR4 RAM,39.62 cm (15.6 inch) Touchscreen Display,https://rukminim1.flixcart.com/image/312/312/l2jcccw0/computer/s/d/u/-original-imagdv4f66jmsqfv.jpeg?q=70
HP Pavilion Intel Core i5 12th Gen ,4.3,644,58,66990,77142,Intel Core i5 Processor (12th Gen),16 GB DDR4 RAM,512 GB SSD,https://rukminim1.flixcart.com/image/312/312/xif0q/computer/3/x/d/-original-imagp7pfqwvb2hhf.jpeg?q=70
HP Ryzen 5 Hexa Core 5500U ,4.3,1904,141,44490,60248,AMD Ryzen 5 Hexa Core Processor,8 GB DDR4 RAM,512 GB SSD,https://rukminim1.flixcart.com/image/312/312/xif0q/computer/k/5/b/-original-imagp7pfkjydaptk.jpeg?q=70
HP Ryzen 5 Hexa Core 5500U ,4.3,645,63,47990,59109,AMD Ryzen 5 Hexa Core Processor,16 GB DDR4 RAM,512 GB SSD,https://rukminim1.flixcart.com/image/312/312/xif0q/computer/l/l/u/-original-imagp7pf4hphhyhu.jpeg?q=70
Primebook 4G Android Based MediaTek MT8788 ,4.1,819,264,16990,24990,MediaTek MediaTek MT8788 Processor,4 GB LPDDR4 RAM,29.46 cm (11.6 Inch) Display,https://rukminim1.flixcart.com/image/312/312/xif0q/computer/i/j/k/-original-imagzzsh3afavghf.jpeg?q=70
HP Ryzen 5 Hexa Core 5500U ,4.2,2464,241,44990,55691,AMD Ryzen 5 Hexa Core Processor,8 GB DDR4 RAM,512 GB SSD,https://rukminim1.flixcart.com/image/312/312/xif0q/computer/f/p/9/-original-imagp7pfnchrzxhr.jpeg?q=70
HP Pavilion Core i7 12th Gen ,4.5,28,1,82990,97667,Intel Core i7 Processor (12th Gen),16 GB DDR4 RAM,1 TB SSD,https://rukminim1.flixcart.com/image/312/312/xif0q/computer/k/z/2/-original-imagp7pge3agtryz.jpeg?q=70
SAMSUNG Galaxy Book3 Core i7 Core i7 13th Gen ,4.5,34,8,89990,112990,Intel Core i7 Processor (13th Gen),16 GB LPDDR4X RAM,512 GB SSD,https://rukminim1.flixcart.com/image/312/312/xif0q/computer/i/z/h/galaxy-book3-thin-and-light-laptop-samsung-original-imagnb2cuanuhzmp.jpeg?q=70
HP Victus Gaming Ryzen 5 Hexa Core 5600H ,4.4,9,0,62490,72526,AMD Ryzen 5 Hexa Core Processor,16 GB DDR4 RAM,512 GB SSD,https://rukminim1.flixcart.com/image/312/312/xif0q/computer/p/m/6/15-fb0121ax-gaming-laptop-hp-original-imagp39ksrhjaxfa.jpeg?q=70
MSI Core i5 11th Gen ,4.4,933,91,51990,67990,Intel Core i5 Processor (11th Gen),8 GB DDR4 RAM,512 GB SSD,https://rukminim1.flixcart.com/image/312/312/l2qhjm80/computer/l/t/g/gf63-thin-11uc-867in-gaming-laptop-msi-original-imageyk5hzuthuyf.jpeg?q=70
HP Intel Core i5 11th Gen ,4.3,600,37,51990,60599,Intel Core i5 Processor (11th Gen),8 GB DDR4 RAM,512 GB SSD,https://rukminim1.flixcart.com/image/312/312/xif0q/computer/f/a/8/-original-imagp7pf86vm9mmj.jpeg?q=70
HP 14s Intel Core i5 12th Gen ,4.1,1516,121,59990,75191,Intel Core i5 Processor (12th Gen),16 GB DDR4 RAM,512 GB SSD,https://rukminim1.flixcart.com/image/312/312/xif0q/computer/e/6/0/-original-imagp7pgftd3zehz.jpeg?q=70
HP Victus Gaming Ryzen 5 Hexa Core 5600H ,5,3,0,63990,75980,AMD Ryzen 5 Hexa Core Processor,8 GB DDR4 RAM,512 GB SSD,https://rukminim1.flixcart.com/image/312/312/xif0q/computer/m/i/w/15-fb0137ax-gaming-laptop-hp-original-imagpb7cffc2yvgw.jpeg?q=70
APPLE 2022 MacBook AIR M2 ,4.7,198,21,107910,119900,Apple M2 Processor,8 GB Unified Memory RAM,256 GB SSD,https://rukminim1.flixcart.com/image/312/312/xif0q/computer/2/v/v/-original-imagfdeqter4sj2j.jpeg?q=70
SAMSUNG Galaxy Book3 Core i5 Core i5 13th Gen ,4.3,43,8,79990,99990,Intel Core i5 Processor (13th Gen),16 GB LPDDR4X RAM,512 GB SSD,https://rukminim1.flixcart.com/image/312/312/xif0q/computer/c/y/k/galaxy-book3-thin-and-light-laptop-samsung-original-imagnb2chzcxhwxk.jpeg?q=70
APPLE 2022 MacBook AIR M2 ,4.5,96,6,106990,119900,Apple M2 Processor,8 GB Unified Memory RAM,256 GB SSD,https://rukminim1.flixcart.com/image/312/312/xif0q/computer/m/b/n/-original-imagfdf4xnbyyxpa.jpeg?q=70
HP Victus Gaming Ryzen 5 Hexa Core 5600H ,5,3,0,66990,78858,AMD Ryzen 5 Hexa Core Processor,16 GB DDR4 RAM,512 GB SSD,https://rukminim1.flixcart.com/image/312/312/xif0q/computer/m/i/w/15-fb0137ax-gaming-laptop-hp-original-imagpb7cffc2yvgw.jpeg?q=70
HP Laptop with Backlit Keyboard Core i3 11th Gen ,4.4,295,30,41490,51724,Intel Core i3 Processor (11th Gen),8 GB DDR4 RAM,512 GB SSD,https://rukminim1.flixcart.com/image/312/312/xif0q/computer/l/z/u/15s-fr2512tu-laptop-hp-original-imaggmeygbtemggf.jpeg?q=70
HP Pavilion Ryzen 5 Hexa Core 5625U ,4.4,120,12,57790,69012,AMD Ryzen 5 Hexa Core Processor,16 GB DDR4 RAM,512 GB SSD,https://rukminim1.flixcart.com/image/312/312/l111lzk0/computer/x/n/s/15-eh2024au-thin-and-light-laptop-hp-original-imagcztggrjh7zb2.jpeg?q=70
HP Ryzen 5 Hexa Core 5500U ,4.3,373,28,47990,59241,AMD Ryzen 5 Hexa Core Processor,16 GB DDR4 RAM,512 GB SSD,https://rukminim1.flixcart.com/image/312/312/xif0q/computer/z/e/v/-original-imagp7pgjf9zfwxp.jpeg?q=70
HP Victus Gaming Ryzen 5 Hexa Core 5600H ,4.4,9,0,55990,66769,AMD Ryzen 5 Hexa Core Processor,8 GB DDR4 RAM,512 GB SSD,https://rukminim1.flixcart.com/image/312/312/xif0q/computer/l/k/h/-original-imagpkbv6zpcfts5.jpeg?q=70
HP 15s (2023) Intel Core i5 11th Gen ,4.3,600,37,56490,59237,Intel Core i5 Processor (11th Gen),16 GB DDR4 RAM,512 GB SSD,https://rukminim1.flixcart.com/image/312/312/xif0q/computer/4/b/h/-original-imagp7pfa6tscqpx.jpeg?q=70
MSI Bravo 15 Ryzen 7 Octa Core 5800H ,4.6,119,22,55990,69990,AMD Ryzen 7 Octa Core Processor,8 GB DDR RAM,512 GB SSD,https://rukminim1.flixcart.com/image/312/312/xif0q/computer/b/j/7/bravo-15-b5ed-notebook-msi-original-imagz3rya2qqbhjt.jpeg?q=70
HP Victus Ryzen 7 Octa Core 5800H ,4.1,22,1,74990,95554,AMD Ryzen 7 Octa Core Processor,16 GB DDR4 RAM,512 GB SSD,https://rukminim1.flixcart.com/image/312/312/xif0q/computer/i/t/4/-original-imagz9f6yd4es4s3.jpeg?q=70
ASUS Chromebook Touch Intel Celeron Dual Core ,3.8,1252,196,16990,30990,Intel Celeron Dual Core Processor,4 GB LPDDR4 RAM,39.62 cm (15.6 inch) Touchscreen Display,https://rukminim1.flixcart.com/image/312/312/l2jcccw0/computer/s/d/u/-original-imagdv4f66jmsqfv.jpeg?q=70
HP Ryzen 5 Hexa Core 5500U ,4.6,10,0,44490,49631,AMD Ryzen 5 Hexa Core Processor,8 GB DDR4 RAM,512 GB SSD,https://rukminim1.flixcart.com/image/312/312/xif0q/computer/s/7/4/-original-imagp8xzmyz8jyua.jpeg?q=70
MSI CreatorPro M16 Core i7 12th Gen ,4.6,7,1,89990,145990,Intel Core i7 Processor (12th Gen),16 GB DDR4 RAM,1 TB SSD,https://rukminim1.flixcart.com/image/312/312/xif0q/computer/e/i/x/creatorpro-m16-a12uis-notebook-msi-original-imaghffgdnghyfvw.jpeg?q=70
MSI Core i5 11th Gen ,4.4,933,91,54990,70990,Intel Core i5 Processor (11th Gen),16 GB DDR4 RAM,512 GB SSD,https://rukminim1.flixcart.com/image/312/312/l2qhjm80/computer/l/t/g/gf63-thin-11uc-867in-gaming-laptop-msi-original-imageyk5hzuthuyf.jpeg?q=70
Primebook 4G Android Based MediaTek MT8788 ,4.1,819,264,16990,24990,MediaTek MediaTek MT8788 Processor,4 GB LPDDR4 RAM,29.46 cm (11.6 Inch) Display,https://rukminim1.flixcart.com/image/312/312/xif0q/computer/i/j/k/-original-imagzzsh3afavghf.jpeg?q=70
HP Victus Gaming Ryzen 5 Hexa Core 5600H ,4.4,9,0,62490,72526,AMD Ryzen 5 Hexa Core Processor,16 GB DDR4 RAM,512 GB SSD,https://rukminim1.flixcart.com/image/312/312/xif0q/computer/p/m/6/15-fb0121ax-gaming-laptop-hp-original-imagp39ksrhjaxfa.jpeg?q=70
HP Victus Gaming Ryzen 5 Hexa Core 5600H ,5,3,0,63990,75980,AMD Ryzen 5 Hexa Core Processor,8 GB DDR4 RAM,512 GB SSD,https://rukminim1.flixcart.com/image/312/312/xif0q/computer/m/i/w/15-fb0137ax-gaming-laptop-hp-original-imagpb7cffc2yvgw.jpeg?q=70
MSI Core i9 13th Gen ,0,0,0,599990,671990,Intel Core i9 Processor (13th Gen),64 GB DDR5 RAM,4 TB SSD,https://rukminim1.flixcart.com/image/312/312/xif0q/computer/s/g/x/titan-gt77-hx-13vi-092in-gaming-laptop-msi-original-imagz6bbegpvmr2k.jpeg?q=70
MSI Core i9 13th Gen ,0,0,0,279990,447990,Intel Core i9 Processor (13th Gen),32 GB DDR5 RAM,2 TB SSD,https://rukminim1.flixcart.com/image/312/312/xif0q/computer/m/o/n/raider-ge78-hx-13vi-087in-gaming-laptop-msi-original-imagz6bbcpjgywww.jpeg?q=70
HP Victus Gaming Ryzen 5 Hexa Core 5600H ,5,3,0,66990,78858,AMD Ryzen 5 Hexa Core Processor,16 GB DDR4 RAM,512 GB SSD,https://rukminim1.flixcart.com/image/312/312/xif0q/computer/m/i/w/15-fb0137ax-gaming-laptop-hp-original-imagpb7cffc2yvgw.jpeg?q=70
HP Victus Gaming Ryzen 5 Hexa Core 5600H ,4.4,9,0,55990,66769,AMD Ryzen 5 Hexa Core Processor,8 GB DDR4 RAM,512 GB SSD,https://rukminim1.flixcart.com/image/312/312/xif0q/computer/l/k/h/-original-imagpkbv6zpcfts5.jpeg?q=70
MSI Core i5 11th Gen ,4.4,933,91,52990,78990,Intel Core i5 Processor (11th Gen),8 GB DDR4 RAM,512 GB SSD,https://rukminim1.flixcart.com/image/312/312/l2qhjm80/computer/l/t/g/gf63-thin-11uc-867in-gaming-laptop-msi-original-imageyk5hzuthuyf.jpeg?q=70
APPLE 2023 MacBook Pro M2 Max ,0,0,0,285490,309900,Apple M2 Max Processor,32 GB Unified Memory RAM,1 TB SSD,https://rukminim1.flixcart.com/image/312/312/xif0q/computer/y/i/y/mphg3hn-a-thin-and-light-laptop-apple-original-imagmfhepavqyfyy.jpeg?q=70
HP Pavilion (2023) Eyesafe Intel Core i7 12th Gen ,4.3,40,2,85990,101793,Intel Core i7 Processor (12th Gen),16 GB DDR4 RAM,1 TB SSD,https://rukminim1.flixcart.com/image/312/312/l2hwwi80/computer/9/5/2/eg2036tu-thin-and-light-laptop-hp-original-imagduyqdgd5gtas.jpeg?q=70
MSI Core i5 12th Gen ,4.9,8,1,79990,114990,Intel Core i5 Processor (12th Gen),16 GB DDR4 RAM,1 TB HDD|256 GB SSD,https://rukminim1.flixcart.com/image/312/312/xif0q/computer/7/n/j/-original-imagpyc3eyefdjuc.jpeg?q=70
ASUS Chromebook Touch Intel Celeron Dual Core ,3.8,1252,196,16990,30990,Intel Celeron Dual Core Processor,4 GB LPDDR4 RAM,39.62 cm (15.6 inch) Touchscreen Display,https://rukminim1.flixcart.com/image/312/312/l2jcccw0/computer/s/d/u/-original-imagdv4f66jmsqfv.jpeg?q=70
Primebook 4G Android Based MediaTek MT8788 ,4.1,819,264,16990,24990,MediaTek MediaTek MT8788 Processor,4 GB LPDDR4 RAM,29.46 cm (11.6 Inch) Display,https://rukminim1.flixcart.com/image/312/312/xif0q/computer/i/j/k/-original-imagzzsh3afavghf.jpeg?q=70
HP Pavilion Ryzen 5 Hexa Core 5625U ,4.2,383,37,54490,64492,AMD Ryzen 5 Hexa Core Processor,8 GB DDR4 RAM,512 GB SSD,https://rukminim1.flixcart.com/image/312/312/xif0q/computer/8/w/l/-original-imagp8xzbrgfm6gv.jpeg?q=70
HP Core i3 11th Gen ,4.8,4,2,40990,50565,Intel Core i3 Processor (11th Gen),8 GB DDR4 RAM,512 GB SSD,https://rukminim1.flixcart.com/image/312/312/xif0q/computer/4/p/q/-original-imagp8xzzpsxvpgx.jpeg?q=70
ASUS Chromebook Touch Intel Celeron Dual Core ,4,1102,147,15990,29990,Intel Celeron Dual Core Processor,4 GB LPDDR4 RAM,35.56 cm (14 inch) Touchscreen Display,https://rukminim1.flixcart.com/image/312/312/l2jcccw0/computer/6/m/g/-original-imagdv4fkhthwyzb.jpeg?q=70
HP Pavilion Aero (2023) Ryzen 5 Hexa Core 7535U ,4.3,49,5,67990,80314,AMD Ryzen 5 Hexa Core Processor,16 GB LPDDR5 RAM,512 GB SSD,https://rukminim1.flixcart.com/image/312/312/xif0q/computer/k/a/x/13-be2047au-thin-and-light-laptop-hp-original-imagnh4n4vfcyghc.jpeg?q=70
MSI Core i7 12th Gen ,0,0,0,91990,106990,Intel Core i7 Processor (12th Gen),16 GB DDR4 RAM,512 GB SSD,https://rukminim1.flixcart.com/image/312/312/kt1u3rk0/computer/v/x/u/katana-gf66-11ud-thin-and-light-laptop-msi-original-imag6hgucfpqacvt.jpeg?q=70
HP 15s (2023) Intel Core i3 13th Gen ,3.9,10,2,47490,54552,Intel Core i3 Processor (13th Gen),8 GB DDR4 RAM,512 GB SSD,https://rukminim1.flixcart.com/image/312/312/xif0q/computer/t/o/8/-original-imagpgzte23hyfpf.jpeg?q=70
MSI Ryzen 5 Hexa Core 7530U ,4.3,92,11,41990,61990,AMD Ryzen 5 Hexa Core Processor,8 GB DDR4 RAM,512 GB SSD,https://rukminim1.flixcart.com/image/312/312/xif0q/computer/f/p/e/-original-imagnqmwkz8nfwth.jpeg?q=70
SAMSUNG Galaxy Book2 Core i5 12th Gen ,4.5,116,16,61990,88990,Intel Core i5 Processor (12th Gen),16 GB LPDDR4X RAM,512 GB SSD,https://rukminim1.flixcart.com/image/312/312/l37mtu80/computer/o/o/w/np750xee-xb1in-thin-and-light-laptop-samsung-original-imagednvzzu7t23v.jpeg?q=70
MSI Core i7 11th Gen ,4.3,466,43,72990,89990,Intel Core i7 Processor (11th Gen),16 GB DDR4 RAM,1 TB HDD|256 GB SSD,https://rukminim1.flixcart.com/image/312/312/l2qhjm80/computer/l/t/g/gf63-thin-11uc-867in-gaming-laptop-msi-original-imageyk5hzuthuyf.jpeg?q=70
APPLE 2022 MacBook AIR M2 ,4.7,66,7,106990,119900,Apple M2 Processor,8 GB Unified Memory RAM,256 GB SSD,https://rukminim1.flixcart.com/image/312/312/xif0q/computer/1/n/p/-original-imagfdfew8gszzhk.jpeg?q=70
MSI Pulse GL66 Core i7 11th Gen ,4.5,159,26,113990,139990,Pre-installed Genuine Windows 10 Home OS,Intel Core i7 Processor (11th Gen),64 bit Windows 10 Operating System,https://rukminim1.flixcart.com/image/312/312/kr3tj0w0/computer/b/p/r/na-notebook-msi-original-imag4z5zs2xkvmwh.jpeg?q=70
APPLE 2023 MacBook Pro M2 Max ,0,0,0,322490,349900,Apple M2 Max Processor,32 GB Unified Memory RAM,1 TB SSD,https://rukminim1.flixcart.com/image/312/312/xif0q/computer/l/o/a/mnwc3hn-a-laptop-apple-original-imagmfhegkrgcnhp.jpeg?q=70
ASUS Chromebook Touch Intel Celeron Dual Core ,3.8,1252,196,16990,30990,Intel Celeron Dual Core Processor,4 GB LPDDR4 RAM,39.62 cm (15.6 inch) Touchscreen Display,https://rukminim1.flixcart.com/image/312/312/l2jcccw0/computer/s/d/u/-original-imagdv4f66jmsqfv.jpeg?q=70
Primebook 4G Android Based MediaTek MT8788 ,4.1,819,264,16990,24990,MediaTek MediaTek MT8788 Processor,4 GB LPDDR4 RAM,29.46 cm (11.6 Inch) Display,https://rukminim1.flixcart.com/image/312/312/xif0q/computer/i/j/k/-original-imagzzsh3afavghf.jpeg?q=70
MSI Pulse GL66 Core i7 11th Gen ,4.5,159,26,113990,139990,Pre-installed Genuine Windows 10 Home OS,Intel Core i7 Processor (11th Gen),64 bit Windows 10 Operating System,https://rukminim1.flixcart.com/image/312/312/kr3tj0w0/computer/b/p/r/na-notebook-msi-original-imag4z5zs2xkvmwh.jpeg?q=70
HP Pavilion Intel Core i3 11th Gen ,4.4,83,14,51990,63362,Intel Core i3 Processor (11th Gen),8 GB DDR4 RAM,512 GB SSD,https://rukminim1.flixcart.com/image/312/312/l12h1u80/computer/2/s/q/14-dy1048tu-thin-and-light-laptop-hp-original-imagcpuvfpshgd7q.jpeg?q=70
HP 15s (2023) Intel Core i5 13th Gen ,0,0,0,62990,72780,Intel Core i5 Processor (13th Gen),8 GB DDR4 RAM,512 GB SSD,https://rukminim1.flixcart.com/image/312/312/xif0q/computer/d/n/d/-original-imagpgzscsurhp2c.jpeg?q=70
HP 15s (2023) Intel Core i5 13th Gen ,0,0,0,67990,78447,Intel Core i5 Processor (13th Gen),8 GB DDR4 RAM,1 TB SSD,https://rukminim1.flixcart.com/image/312/312/xif0q/computer/l/a/k/-original-imagpgzsxhpbyszz.jpeg?q=70
ASUS Chromebook Touch Intel Celeron Dual Core ,4,1102,147,15990,29990,Intel Celeron Dual Core Processor,4 GB LPDDR4 RAM,35.56 cm (14 inch) Touchscreen Display,https://rukminim1.flixcart.com/image/312/312/l2jcccw0/computer/6/m/g/-original-imagdv4fkhthwyzb.jpeg?q=70
ASUS Chromebook Flip Touch Celeron Dual Core ,4,2869,394,15990,29990,Intel Celeron Dual Core Processor,4 GB LPDDR4 RAM,29.46 cm (11.6 inch) Touchscreen Display,https://rukminim1.flixcart.com/image/312/312/l2jcccw0/computer/q/t/6/-original-imagdv4ykwrjxbmh.jpeg?q=70
MSI Core i3 13th Gen ,0,0,0,45990,58990,Intel Core i3 Processor (13th Gen),8 GB DDR4 RAM,512 GB SSD,https://rukminim1.flixcart.com/image/312/312/xif0q/computer/x/c/t/-original-imagnqmw7fsskcr8.jpeg?q=70
MSI Core i7 12th Gen ,0,0,0,91990,106990,Intel Core i7 Processor (12th Gen),16 GB DDR4 RAM,512 GB SSD,https://rukminim1.flixcart.com/image/312/312/kt1u3rk0/computer/v/x/u/katana-gf66-11ud-thin-and-light-laptop-msi-original-imag6hgucfpqacvt.jpeg?q=70
Lenovo Slim 3 Chromebook Touch Intel Celeron Dual Core ,3.7,163,14,23990,39990,Intel Celeron Dual Core Processor,4 GB LPDDR4 RAM,35.56 cm (14 inch) Touchscreen Display,https://rukminim1.flixcart.com/image/312/312/xif0q/computer/7/k/4/-original-imaggqgb6dbkyhbe.jpeg?q=70
HP Chromebook (2023) Intel Core i5 11th Gen ,4.5,13,0,55990,72154,Intel Core i5 Processor (11th Gen),8 GB DDR4 RAM,256 GB SSD,https://rukminim1.flixcart.com/image/312/312/kwv0djk0/computer/3/n/y/14c-cc0010tu-chromebook-hp-original-imag9g9mhckzhuqt.jpeg?q=70
MSI Core i5 11th Gen ,4.3,459,37,59990,80990,Intel Core i5 Processor (11th Gen),8 GB DDR4 RAM,1 TB HDD|256 GB SSD,https://rukminim1.flixcart.com/image/312/312/l2qhjm80/computer/l/t/g/gf63-thin-11uc-867in-gaming-laptop-msi-original-imageyk5hzuthuyf.jpeg?q=70
HP Pavilion (2023) Intel Core i5 13th Gen ,0,0,0,73990,87095,Intel Core i5 Processor (13th Gen),16 GB DDR4 RAM,512 GB SSD,https://rukminim1.flixcart.com/image/312/312/xif0q/computer/b/x/o/15-eg2091t-thin-and-light-laptop-hp-original-imagmf9fvrzr8y4d.jpeg?q=70
APPLE 2022 MacBook AIR M2 ,4.9,15,2,137990,149900,Apple M2 Processor,8 GB Unified Memory RAM,512 GB SSD,https://rukminim1.flixcart.com/image/312/312/xif0q/computer/v/c/a/-original-imagfdfpnjjpdhq2.jpeg?q=70
HP Pavilion Ryzen 5 Hexa Core 5500U ,4.2,126,16,64700,74839,AMD Ryzen 5 Hexa Core Processor,16 GB DDR4 RAM,512 GB SSD,https://rukminim1.flixcart.com/image/312/312/xif0q/computer/2/x/w/-original-imagp7pgfsr4xnxa.jpeg?q=70
HP Celeron Dual Core ,0,0,0,23990,33390,Intel Celeron Dual Core Processor,4 GB LPDDR4X RAM,39.62 cm (15.6 Inch) Display,https://rukminim1.flixcart.com/image/312/312/xif0q/computer/9/r/2/15a-na0008tu-thin-and-light-laptop-hp-original-imagnxa9z9ygfb8q.jpeg?q=70
HP Chromebook MediaTek Kompanio 500 ,3.8,6338,713,19990,25451,MediaTek MediaTek Kompanio 500 Processor,4 GB LPDDR4X RAM,29.46 cm (11.6 inch) Touchscreen Display,https://rukminim1.flixcart.com/image/312/312/xif0q/computer/2/m/e/-original-imagkqwzw9cdvgj2.jpeg?q=70
MSI Core i7 13th Gen ,0,0,0,71990,87990,Intel Core i7 Processor (13th Gen),16 GB DDR4 RAM,512 GB SSD,https://rukminim1.flixcart.com/image/312/312/xif0q/computer/b/y/7/-original-imagnqmwwaznaz5e.jpeg?q=70
HP Pavilion Aero (2023) Ryzen 7 Octa Core 7735U ,4.9,26,4,77990,91616,AMD Ryzen 7 Octa Core Processor,16 GB LPDDR5 RAM,1 TB SSD,https://rukminim1.flixcart.com/image/312/312/xif0q/computer/f/w/y/13-be2048au-thin-and-light-laptop-hp-original-imagnh4n9kqfj4z5.jpeg?q=70
Lenovo IdeaPad 3 Core i3 11th Gen ,4.2,70,5,34990,60090,Intel Core i3 Processor (11th Gen),8 GB DDR4 RAM,256 GB SSD,https://rukminim1.flixcart.com/image/312/312/ky90scw0/computer/k/7/k/ideapad-slim-82h801lgin-laptop-lenovo-original-imagagrpkzaxrcdc.jpeg?q=70
ASUS Vivobook Go 15 (2023) Ryzen 3 Quad Core 7320U ,4.2,406,56,35990,50990,AMD Ryzen 3 Quad Core Processor,8 GB LPDDR5 RAM,512 GB SSD,https://rukminim1.flixcart.com/image/312/312/xif0q/computer/i/u/p/-original-imagpxgrxrqsmdqz.jpeg?q=70
MSI Core i7 12th Gen ,0,0,0,92990,115990,Intel Core i7 Processor (12th Gen),16 GB DDR4 RAM,512 GB SSD,https://rukminim1.flixcart.com/image/312/312/xif0q/computer/m/e/o/thin-gf63-12ve-071in-gaming-laptop-msi-original-imagmmhgbt9xtnvx.jpeg?q=70
MSI Core i7 13th Gen ,0,0,0,144990,162990,Intel Core i7 Processor (13th Gen),16 GB DDR5 RAM,1 TB SSD,https://rukminim1.flixcart.com/image/312/312/xif0q/computer/k/c/p/stealth-15-a13ve-034in-gaming-laptop-msi-original-imagz6bb3hpcgnae.jpeg?q=70
MSI Core i7 13th Gen ,0,0,0,129990,151990,Intel Core i7 Processor (13th Gen),16 GB LPDDR5 RAM,1 TB SSD,https://rukminim1.flixcart.com/image/312/312/xif0q/computer/g/w/o/prestige-16studio-a13ve-031in-laptop-msi-original-imagnjyvgmhfpegx.jpeg?q=70
MSI Raider GE66 Core i7 12th Gen ,0,0,0,244990,279990,Intel Core i7 Processor (12th Gen),16 GB DDR5 RAM,1 TB SSD,https://rukminim1.flixcart.com/image/312/312/kyag87k0/computer/7/r/u/raider-ge66-12ugs-gaming-laptop-msi-original-imagakb9zw7gqzcm.jpeg?q=70
ASUS Chromebook Touch Intel Celeron Dual Core ,3.8,1252,196,16990,30990,Intel Celeron Dual Core Processor,4 GB LPDDR4 RAM,39.62 cm (15.6 inch) Touchscreen Display,https://rukminim1.flixcart.com/image/312/312/l2jcccw0/computer/s/d/u/-original-imagdv4f66jmsqfv.jpeg?q=70
Primebook 4G Android Based MediaTek MT8788 ,4.1,819,264,16990,24990,MediaTek MediaTek MT8788 Processor,4 GB LPDDR4 RAM,29.46 cm (11.6 Inch) Display,https://rukminim1.flixcart.com/image/312/312/xif0q/computer/i/j/k/-original-imagzzsh3afavghf.jpeg?q=70
SAMSUNG Galaxy Book 2 Core i5 12th Gen ,4,41,6,56990,85990,Intel Core i5 Processor (12th Gen),16 GB DDR4 RAM,512 GB SSD,https://rukminim1.flixcart.com/image/312/312/xif0q/computer/d/j/e/galaxy-book2-plastic-thin-and-light-laptop-samsung-original-imaghkp8zvqhfzrh.jpeg?q=70
APPLE 2022 MacBook AIR M2 ,4.4,42,1,137990,149900,Apple M2 Processor,8 GB Unified Memory RAM,512 GB SSD,https://rukminim1.flixcart.com/image/312/312/xif0q/computer/2/v/v/-original-imagfdeqter4sj2j.jpeg?q=70
ASUS Chromebook Touch Intel Celeron Dual Core ,4,1102,147,15990,29990,Intel Celeron Dual Core Processor,4 GB LPDDR4 RAM,35.56 cm (14 inch) Touchscreen Display,https://rukminim1.flixcart.com/image/312/312/l2jcccw0/computer/6/m/g/-original-imagdv4fkhthwyzb.jpeg?q=70
MSI Sword 15 Core i5 12th Gen ,4.7,69,17,79990,98390,Intel Core i5 Processor (12th Gen),16 GB DDR4 RAM,512 GB SSD,https://rukminim1.flixcart.com/image/312/312/l2qhjm80/computer/n/t/g/sword-15-a12ud-gaming-laptop-msi-original-imageymchyn4ypgz.jpeg?q=70
HP Omen Ryzen 7 Ryzen 7 Octa Core 6800H ,0,0,0,104990,127036,AMD Ryzen 7 Octa Core Processor,16 GB DDR5 RAM,512 GB SSD,https://rukminim1.flixcart.com/image/312/312/xif0q/computer/c/s/a/16-n0049ax-gaming-laptop-hp-original-imaghwptyggvfjjd.jpeg?q=70
MSI Core i5 11th Gen ,4.3,459,37,65990,81990,Intel Core i5 Processor (11th Gen),16 GB DDR4 RAM,512 GB SSD,https://rukminim1.flixcart.com/image/312/312/l2qhjm80/computer/l/t/g/gf63-thin-11uc-867in-gaming-laptop-msi-original-imageyk5hzuthuyf.jpeg?q=70
APPLE 2022 MacBook Pro M2 ,4.4,25,1,137990,149900,Apple M2 Processor,8 GB Unified Memory RAM,512 GB SSD,https://rukminim1.flixcart.com/image/312/312/xif0q/computer/k/s/m/-original-imagfdewfh9z3pee.jpeg?q=70
HP Pavilion Core i5 12th Gen ,4.2,5,0,66990,81444,Intel Core i5 Processor (12th Gen),8 GB DDR4 RAM,512 GB SSD,https://rukminim1.flixcart.com/image/312/312/xif0q/computer/b/e/s/14-ek0092tu-thin-and-light-laptop-hp-original-imaghubrzsyhm6wf.jpeg?q=70
HP Pavilion Aero (2023) Ryzen 5 Hexa Core 7535U ,4.3,49,5,67990,80314,AMD Ryzen 5 Hexa Core Processor,16 GB LPDDR5 RAM,512 GB SSD,https://rukminim1.flixcart.com/image/312/312/xif0q/computer/5/w/z/13-be2046au-thin-and-light-laptop-hp-original-imagnh4nzg7fahsb.jpeg?q=70
APPLE 2022 MacBook AIR M2 ,4.6,22,2,137990,149900,Apple M2 Processor,8 GB Unified Memory RAM,512 GB SSD,https://rukminim1.flixcart.com/image/312/312/xif0q/computer/m/b/n/-original-imagfdf4xnbyyxpa.jpeg?q=70
HP Pavilion Aero (2023) Ryzen 7 Octa Core 7735U ,4.9,26,4,77990,91616,AMD Ryzen 7 Octa Core Processor,16 GB LPDDR5 RAM,1 TB SSD,https://rukminim1.flixcart.com/image/312/312/xif0q/computer/5/w/z/13-be2046au-thin-and-light-laptop-hp-original-imagnh4nzg7fahsb.jpeg?q=70
HP Victus Core i5 11th Gen ,4.2,225,26,59990,84419,Intel Core i5 Processor (11th Gen),8 GB DDR4 RAM,512 GB SSD,https://rukminim1.flixcart.com/image/312/312/kwv0djk0/computer/2/u/m/16-e0162ax-gaming-laptop-hp-original-imag9g7ytxnpfvxh.jpeg?q=70
MSI Stealth GS66 Core i7 12th Gen ,0,0,0,275990,313990,Intel Core i7 Processor (12th Gen),32 GB DDR5 RAM,1 TB SSD,https://rukminim1.flixcart.com/image/312/312/kyag87k0/computer/h/i/l/stealth-gs66-12ugs-gaming-laptop-msi-original-imagak5jdsg4bgtp.jpeg?q=70
MSI Core i5 12th Gen ,4.1,35,2,50990,67990,Intel Core i5 Processor (12th Gen),16 GB DDR4 RAM,512 GB SSD,https://rukminim1.flixcart.com/image/312/312/xif0q/computer/f/p/e/-original-imagnqmwkz8nfwth.jpeg?q=70
APPLE MacBook Air M1 ,4.7,832,89,111990,112900,Apple M1 Processor,16 GB DDR4 RAM,256 GB SSD,https://rukminim1.flixcart.com/image/312/312/kyt0ya80/computer/b/v/q/na-thin-and-light-laptop-apple-original-imagaygvkp7pjexm.jpeg?q=70
APPLE 2021 Macbook Pro M1 Pro ,4.8,134,14,243990,259900,Apple M1 Pro Processor,16 GB Unified Memory RAM,1 TB SSD,https://rukminim1.flixcart.com/image/312/312/kuyf8nk0/computer/3/n/s/mk183hn-a-laptop-apple-original-imag7yzkbgbwvwq3.jpeg?q=70
HP Pavilion Intel Core i5 12th Gen ,4.4,228,19,62490,72537,Intel Core i5 Processor (12th Gen),8 GB DDR4 RAM,512 GB SSD,https://rukminim1.flixcart.com/image/312/312/xif0q/computer/v/y/h/-original-imagp7pffwbgzkrv.jpeg?q=70
HP OMEN Ryzen 7 Octa Core AMD R7,4.7,15,0,92990,117664,AMD Ryzen 7 Octa Core Processor,16 GB DDR4 RAM,512 GB SSD,https://rukminim1.flixcart.com/image/312/312/kzn17680/computer/1/i/z/-original-imagbhzqahdzyx4e.jpeg?q=70
HP Pavilion Plus Creator OLED Eyesafe (2023) Intel H,4.3,51,7,93990,114220,Intel Core i7 Processor (12th Gen),16 GB DDR4 RAM,1 TB SSD,https://rukminim1.flixcart.com/image/312/312/xif0q/computer/o/j/9/-original-imagp7pfqe9ey4he.jpeg?q=70
HP Victus Gaming Ryzen 5 Hexa Core 5600H ,0,0,0,63990,75980,AMD Ryzen 5 Hexa Core Processor,8 GB DDR4 RAM,512 GB SSD,https://rukminim1.flixcart.com/image/312/312/xif0q/computer/m/i/w/15-fb0137ax-gaming-laptop-hp-original-imagpb7cffc2yvgw.jpeg?q=70
MSI Core i5 12th Gen ,0,0,0,89990,111990,Intel Core i5 Processor (12th Gen),16 GB DDR4 RAM,1 TB HDD|256 GB SSD,https://rukminim1.flixcart.com/image/312/312/xif0q/computer/m/e/o/thin-gf63-12ve-071in-gaming-laptop-msi-original-imagmmhgbt9xtnvx.jpeg?q=70
HP Pavilion Plus Creator OLED Eyesafe (2023) Intel H,4.6,23,3,82490,99533,Intel Core i5 Processor (12th Gen),16 GB DDR4 RAM,512 GB SSD,https://rukminim1.flixcart.com/image/312/312/xif0q/computer/c/o/f/-original-imagp7pfpfw7vdky.jpeg?q=70
ASUS Chromebook Touch Intel Celeron Dual Core ,3.8,1252,196,16990,30990,Intel Celeron Dual Core Processor,4 GB LPDDR4 RAM,39.62 cm (15.6 inch) Touchscreen Display,https://rukminim1.flixcart.com/image/312/312/l2jcccw0/computer/s/d/u/-original-imagdv4f66jmsqfv.jpeg?q=70
Primebook 4G Android Based MediaTek MT8788 ,4.1,819,264,16990,24990,MediaTek MediaTek MT8788 Processor,4 GB LPDDR4 RAM,29.46 cm (11.6 Inch) Display,https://rukminim1.flixcart.com/image/312/312/xif0q/computer/i/j/k/-original-imagzzsh3afavghf.jpeg?q=70
HP 15s Intel Core i5 12th Gen ,4.1,183,13,61490,75059,Intel Core i5 Processor (12th Gen),16 GB DDR4 RAM,512 GB SSD,https://rukminim1.flixcart.com/image/312/312/xif0q/computer/y/l/e/-original-imagp8xz5bfrpzvz.jpeg?q=70
MSI Core i7 12th Gen ,3.8,10,4,129490,156990,Intel Core i7 Processor (12th Gen),16 GB DDR4 RAM,1 TB SSD,https://rukminim1.flixcart.com/image/312/312/ky3b0y80/computer/e/g/j/pulse-gl66-12uek-gaming-laptop-msi-original-imagaepqpz8ufhzk.jpeg?q=70
HP Ryzen 7 Octa Core 5700U ,4.2,58,4,59990,71766,AMD Ryzen 7 Octa Core Processor,16 GB DDR4 RAM,512 GB SSD,https://rukminim1.flixcart.com/image/312/312/xif0q/computer/j/k/s/-original-imagp7pgjgbbjxht.jpeg?q=70
HP Envy x360 Creator Intel Evo Core i5 12th Gen ,4.5,35,5,82990,99148,Intel Core i5 Processor (12th Gen),16 GB LPDDR4X RAM,512 GB SSD,https://rukminim1.flixcart.com/image/312/312/xif0q/computer/a/5/u/x360-bf0121tu-thin-and-light-laptop-hp-original-imaghqcrw4zxhhcc.jpeg?q=70
ASUS Chromebook Touch Intel Celeron Dual Core ,4,1102,147,15990,29990,Intel Celeron Dual Core Processor,4 GB LPDDR4 RAM,35.56 cm (14 inch) Touchscreen Display,https://rukminim1.flixcart.com/image/312/312/l2jcccw0/computer/6/m/g/-original-imagdv4fkhthwyzb.jpeg?q=70
HP 15s (2023) Ryzen 5 Quad Core 7520U ,0,0,0,52490,60248,AMD Ryzen 5 Quad Core Processor,16 GB LPDDR5 RAM,512 GB SSD,https://rukminim1.flixcart.com/image/312/312/xif0q/computer/8/m/g/-original-imagpecqrbbzdzmj.jpeg?q=70
HP Ryzen 9 Octa Core 6900HX ,0,0,0,154490,178167,AMD Ryzen 9 Octa Core Processor,32 GB DDR5 RAM,1 TB SSD,https://rukminim1.flixcart.com/image/312/312/xif0q/computer/c/s/a/16-n0049ax-gaming-laptop-hp-original-imaghwptyggvfjjd.jpeg?q=70
HP Chromebook x360 Intel Celeron Dual Core ,4.1,95,10,23990,32295,Intel Celeron Dual Core Processor,4 GB LPDDR4 RAM,35.56 cm (14 Inch) Touchscreen Display,https://rukminim1.flixcart.com/image/312/312/kzogn0w0/computer/p/m/9/14a-ca0506tu-thin-and-light-laptop-hp-original-imagbmtfbpbkvyqz.jpeg?q=70
APPLE 2021 Macbook Pro M1 Pro ,4.8,134,14,225090,239900,Apple M1 Pro Processor,16 GB Unified Memory RAM,1 TB SSD,https://rukminim1.flixcart.com/image/312/312/kuyf8nk0/computer/c/8/u/mkgp3hn-a-thin-and-light-laptop-apple-original-imag7yznc5d2rsuh.jpeg?q=70
MSI Core i7 13th Gen ,0,0,0,69990,85990,Intel Core i7 Processor (13th Gen),16 GB DDR4 RAM,512 GB SSD,https://rukminim1.flixcart.com/image/312/312/xif0q/computer/w/f/2/-original-imagnqmwqyhgztv3.jpeg?q=70
MSI Core i7 13th Gen ,0,0,0,169990,190990,Intel Core i7 Processor (13th Gen),16 GB DDR5 RAM,1 TB SSD,https://rukminim1.flixcart.com/image/312/312/xif0q/computer/u/i/t/pulse-15-b13vfk-293in-gaming-laptop-msi-original-imagnjynwgnfmgur.jpeg?q=70
HP Victus Ryzen 7 Octa Core 6800H ,3,4,1,85499,111500,AMD Ryzen 7 Octa Core Processor,16 GB DDR5 RAM,512 GB SSD,https://rukminim1.flixcart.com/image/312/312/l4oi4cw0/computer/l/t/q/16-e1062ax-gaming-laptop-hp-original-imagfgqgzbrzchfq.jpeg?q=70
APPLE 2021 Macbook Pro M1 Max ,4.3,13,5,309490,329900,Apple M1 Max Processor,32 GB Unified Memory RAM,1 TB SSD,https://rukminim1.flixcart.com/image/312/312/kuyf8nk0/computer/3/n/s/mk183hn-a-laptop-apple-original-imag7yzkbgbwvwq3.jpeg?q=70
MSI Core i7 13th Gen ,0,0,0,142990,162990,Intel Core i7 Processor (13th Gen),16 GB LPDDR5 RAM,1 TB SSD,https://rukminim1.flixcart.com/image/312/312/xif0q/computer/f/7/j/summit-e14flipevo-a13mt-278in-thin-and-light-laptop-msi-original-imagnjyhd9qv8vhr.jpeg?q=70
APPLE 2023 MacBook Pro M2 Pro ,0,0,0,229990,249900,Apple M2 Pro Processor,16 GB Unified Memory RAM,512 GB SSD,https://rukminim1.flixcart.com/image/312/312/xif0q/computer/6/w/g/mnwa3hn-a-laptop-apple-original-imagmfhehcvgub84.jpeg?q=70
HP Spectre x360 (2023) Eyesafe Intel Evo Core i7 13th Gen ,0,0,0,144490,168617,Intel Core i7 Processor (13th Gen),16 GB DDR4 RAM,1 TB SSD,https://rukminim1.flixcart.com/image/312/312/xif0q/computer/y/b/2/-original-imagjmhqndcxs6yg.jpeg?q=70
APPLE MacBook Air M1 ,4.7,832,89,111990,112900,Apple M1 Processor,16 GB DDR4 RAM,256 GB SSD,https://rukminim1.flixcart.com/image/312/312/kyt0ya80/computer/i/d/p/na-thin-and-light-laptop-apple-original-imagaygvtvf6cx8h.jpeg?q=70
MSI Core i5 12th Gen ,4.1,35,2,48990,67990,Intel Core i5 Processor (12th Gen),8 GB DDR4 RAM,512 GB SSD,https://rukminim1.flixcart.com/image/312/312/xif0q/computer/k/h/a/-original-imagnqmwbbxzm8tp.jpeg?q=70
APPLE 2022 MacBook AIR M2 ,4.8,82,11,110490,119900,Apple M2 Processor,8 GB Unified Memory RAM,256 GB SSD,https://rukminim1.flixcart.com/image/312/312/xif0q/computer/v/c/a/-original-imagfdfpnjjpdhq2.jpeg?q=70
HP Envy x360 Creator OLED Eyesafe Intel Evo Core i7 12th Gen ,4.5,10,0,108990,127107,Intel Core i7 Processor (12th Gen),16 GB DDR4 RAM,1 TB SSD,https://rukminim1.flixcart.com/image/312/312/xif0q/computer/w/p/3/15-ew0043tu-thin-and-light-laptop-hp-original-imaghrgttxtdcnfy.jpeg?q=70
APPLE 2020 Macbook Air M1 ,4.6,1170,127,109990,117900,Apple M1 Processor,8 GB DDR4 RAM,512 GB SSD,https://rukminim1.flixcart.com/image/312/312/khdqnbk0/computer/s/2/g/apple-original-imafxfyqykyghjg6.jpeg?q=70
MSI Core i5 12th Gen ,4.5,4,0,75990,95990,Intel Core i5 Processor (12th Gen),16 GB DDR4 RAM,512 GB SSD,https://rukminim1.flixcart.com/image/312/312/kt1u3rk0/computer/v/x/u/katana-gf66-11ud-thin-and-light-laptop-msi-original-imag6hgucfpqacvt.jpeg?q=70
HP Envy x360 Creator OLED Eyesafe Intel Evo Core i5 12th Gen ,4.3,11,1,89490,104624,Intel Core i5 Processor (12th Gen),16 GB DDR4 RAM,512 GB SSD,https://rukminim1.flixcart.com/image/312/312/xif0q/computer/w/p/3/15-ew0043tu-thin-and-light-laptop-hp-original-imaghrgttxtdcnfy.jpeg?q=70
MSI Core i5 12th Gen ,0,0,0,64990,86990,Intel Core i5 Processor (12th Gen),16 GB DDR4 RAM,1 TB HDD|256 GB SSD,https://rukminim1.flixcart.com/image/312/312/xif0q/computer/1/v/r/-original-imagpyc3aurzafgn.jpeg?q=70
ASUS Chromebook Touch Intel Celeron Dual Core ,3.8,1252,196,16990,30990,Intel Celeron Dual Core Processor,4 GB LPDDR4 RAM,39.62 cm (15.6 inch) Touchscreen Display,https://rukminim1.flixcart.com/image/312/312/l2jcccw0/computer/s/d/u/-original-imagdv4f66jmsqfv.jpeg?q=70
Primebook 4G Android Based MediaTek MT8788 ,4.1,819,264,16990,24990,MediaTek MediaTek MT8788 Processor,4 GB LPDDR4 RAM,29.46 cm (11.6 Inch) Display,https://rukminim1.flixcart.com/image/312/312/xif0q/computer/i/j/k/-original-imagzzsh3afavghf.jpeg?q=70
HP Victus Gaming Ryzen 7 Octa Core 5800H ,0,0,0,80990,95554,AMD Ryzen 7 Octa Core Processor,16 GB DDR4 RAM,512 GB SSD,https://rukminim1.flixcart.com/image/312/312/xif0q/computer/m/i/w/15-fb0137ax-gaming-laptop-hp-original-imagpb7cffc2yvgw.jpeg?q=70
MSI Core i7 13th Gen ,0,0,0,219990,279990,Intel Core i7 Processor (13th Gen),32 GB DDR5 RAM,1 TB SSD,https://rukminim1.flixcart.com/image/312/312/xif0q/computer/b/p/3/stealth-16-studio-a13vf-023in-gaming-laptop-msi-original-imagnjyw4havgjgz.jpeg?q=70
ASUS Chromebook Touch Intel Celeron Dual Core ,4,1102,147,15990,29990,Intel Celeron Dual Core Processor,4 GB LPDDR4 RAM,35.56 cm (14 inch) Touchscreen Display,https://rukminim1.flixcart.com/image/312/312/l2jcccw0/computer/6/m/g/-original-imagdv4fkhthwyzb.jpeg?q=70
ASUS Chromebook Flip Touch Celeron Dual Core ,4,2869,394,15990,29990,Intel Celeron Dual Core Processor,4 GB LPDDR4 RAM,29.46 cm (11.6 inch) Touchscreen Display,https://rukminim1.flixcart.com/image/312/312/l2jcccw0/computer/q/t/6/-original-imagdv4ykwrjxbmh.jpeg?q=70
MSI Prestige 14 Core i7 10th Gen ,3.9,99,13,72500,123990,Intel Core i7 Processor (10th Gen),16 GB DDR4 RAM,512 GB SSD,https://rukminim1.flixcart.com/image/312/312/kawtvgw0/computer/g/h/h/msi-na-thin-and-light-laptop-original-imafsdbjzkxx2ssf.jpeg?q=70
HP Ryzen 5 Quad Core R5 5500 ,0,0,0,43990,48146,AMD Ryzen 5 Quad Core Processor,8 GB DDR4 RAM,512 GB SSD,https://rukminim1.flixcart.com/image/312/312/xif0q/computer/9/v/w/245-g8-business-laptop-hp-original-imagn4bctguugysg.jpeg?q=70
APPLE 2022 MacBook AIR M2 ,4.3,14,0,137990,149900,Apple M2 Processor,8 GB Unified Memory RAM,512 GB SSD,https://rukminim1.flixcart.com/image/312/312/xif0q/computer/1/n/p/-original-imagfdfew8gszzhk.jpeg?q=70
HP Envy x360 Creator Intel Evo Core i5 12th Gen ,4.4,11,2,80990,95630,Intel Core i5 Processor (12th Gen),16 GB DDR4 RAM,512 GB SSD,https://rukminim1.flixcart.com/image/312/312/xif0q/computer/w/p/3/15-ew0043tu-thin-and-light-laptop-hp-original-imaghrgttxtdcnfy.jpeg?q=70
Lenovo Slim 3 Chromebook Touch Intel Celeron Dual Core ,3.7,163,14,23990,39990,Intel Celeron Dual Core Processor,4 GB LPDDR4 RAM,35.56 cm (14 inch) Touchscreen Display,https://rukminim1.flixcart.com/image/312/312/xif0q/computer/7/k/4/-original-imaggqgb6dbkyhbe.jpeg?q=70
HP Chromebook (2023) Intel Core i5 11th Gen ,4.5,13,0,55990,72154,Intel Core i5 Processor (11th Gen),8 GB DDR4 RAM,256 GB SSD,https://rukminim1.flixcart.com/image/312/312/kwv0djk0/computer/3/n/y/14c-cc0010tu-chromebook-hp-original-imag9g9mhckzhuqt.jpeg?q=70
MSI Modern 14 Core i3 11th Gen ,4.2,165,21,48990,55990,Intel Core i3 Processor (11th Gen),8 GB DDR4 RAM,512 GB SSD,https://rukminim1.flixcart.com/image/312/312/klzhq4w0/computer/s/k/x/na-thin-and-light-laptop-msi-original-imagyzpcazfbmhjp.jpeg?q=70
MSI Core i7 13th Gen ,4.5,4,3,129990,155990,Intel Core i7 Processor (13th Gen),16 GB DDR5 RAM,1 TB SSD,https://rukminim1.flixcart.com/image/312/312/xif0q/computer/s/n/d/katana-17-b13vfk-253in-gaming-laptop-msi-original-imagmmhgf9gjkhzf.jpeg?q=70
HP Celeron Dual Core ,0,0,0,23990,33390,Intel Celeron Dual Core Processor,4 GB LPDDR4X RAM,39.62 cm (15.6 Inch) Display,https://rukminim1.flixcart.com/image/312/312/xif0q/computer/9/r/2/15a-na0008tu-thin-and-light-laptop-hp-original-imagnxa9z9ygfb8q.jpeg?q=70
HP Chromebook MediaTek Kompanio 500 ,3.8,6338,713,19990,25451,MediaTek MediaTek Kompanio 500 Processor,4 GB LPDDR4X RAM,29.46 cm (11.6 inch) Touchscreen Display,https://rukminim1.flixcart.com/image/312/312/xif0q/computer/2/m/e/-original-imagkqwzw9cdvgj2.jpeg?q=70
HP Pavilion (2023) Eyesafe Intel Core i5 12th Gen ,4.2,68,8,74990,83710,Intel Core i5 Processor (12th Gen),16 GB DDR4 RAM,512 GB SSD,https://rukminim1.flixcart.com/image/312/312/l2hwwi80/computer/9/5/2/eg2036tu-thin-and-light-laptop-hp-original-imagduyqdgd5gtas.jpeg?q=70
HP 15s Intel Core i5 11th Gen ,3.9,28,1,69998,75000,Intel Core i5 Processor (11th Gen),8 GB DDR4 RAM,512 GB SSD,https://rukminim1.flixcart.com/image/312/312/l29c9e80/computer/5/1/r/15s-du3519tx-thin-and-light-laptop-hp-original-imagdn9fhmgsp9gh.jpeg?q=70
HP OMEN Core i7 12th Gen ,0,0,0,162990,189577,Intel Core i7 Processor (12th Gen),16 GB DDR5 RAM,1 TB SSD,https://rukminim1.flixcart.com/image/312/312/kzn17680/computer/1/i/z/-original-imagbhzqahdzyx4e.jpeg?q=70
HP Pavilion Aero (2023) Ryzen 7 Octa Core 7735U ,4.9,26,4,77990,91616,AMD Ryzen 7 Octa Core Processor,16 GB LPDDR5 RAM,1 TB SSD,https://rukminim1.flixcart.com/image/312/312/xif0q/computer/k/a/x/13-be2047au-thin-and-light-laptop-hp-original-imagnh4n4vfcyghc.jpeg?q=70
HP Victus Gaming Ryzen 5 Hexa Core 5600H ,4.4,9,0,62490,72526,AMD Ryzen 5 Hexa Core Processor,16 GB DDR4 RAM,512 GB SSD,https://rukminim1.flixcart.com/image/312/312/xif0q/computer/p/m/6/15-fb0121ax-gaming-laptop-hp-original-imagp39ksrhjaxfa.jpeg?q=70
HP Victus Gaming Ryzen 5 Hexa Core 5600H ,5,3,0,63990,75980,AMD Ryzen 5 Hexa Core Processor,8 GB DDR4 RAM,512 GB SSD,https://rukminim1.flixcart.com/image/312/312/xif0q/computer/m/i/w/15-fb0137ax-gaming-laptop-hp-original-imagpb7cffc2yvgw.jpeg?q=70
APPLE 2022 MacBook AIR M2 ,4.8,82,11,110490,119900,Apple M2 Processor,8 GB Unified Memory RAM,256 GB SSD,https://rukminim1.flixcart.com/image/312/312/xif0q/computer/v/c/a/-original-imagfdfpnjjpdhq2.jpeg?q=70
HP Spectre x360 (2023) OLED Eyesafe Intel Evo Core i7 13th Gen ,0,0,0,183990,213582,Intel Core i7 Processor (13th Gen),32 GB DDR4 RAM,1 TB SSD,https://rukminim1.flixcart.com/image/312/312/xif0q/computer/y/b/2/-original-imagjmhqndcxs6yg.jpeg?q=70
HP Victus Gaming Ryzen 5 Hexa Core 5600H ,5,3,0,66990,78858,AMD Ryzen 5 Hexa Core Processor,16 GB DDR4 RAM,512 GB SSD,https://rukminim1.flixcart.com/image/312/312/xif0q/computer/m/i/w/15-fb0137ax-gaming-laptop-hp-original-imagpb7cffc2yvgw.jpeg?q=70
HP Victus Gaming Ryzen 5 Hexa Core 5600H ,4.4,9,0,55990,66769,AMD Ryzen 5 Hexa Core Processor,8 GB DDR4 RAM,512 GB SSD,https://rukminim1.flixcart.com/image/312/312/xif0q/computer/l/k/h/-original-imagpkbv6zpcfts5.jpeg?q=70
HP Pavilion Intel Core i5 11th Gen ,3.9,22,4,72990,84841,Intel Core i5 Processor (11th Gen),16 GB DDR4 RAM,512 GB SSD,https://rukminim1.flixcart.com/image/312/312/xif0q/computer/y/0/g/-original-imagp8xzzc6q8zvk.jpeg?q=70
HP Victus Gaming Ryzen 7 Octa Core 5800H ,0,0,0,80990,95554,AMD Ryzen 7 Octa Core Processor,16 GB DDR4 RAM,512 GB SSD,https://rukminim1.flixcart.com/image/312/312/xif0q/computer/m/i/w/15-fb0137ax-gaming-laptop-hp-original-imagpb7cffc2yvgw.jpeg?q=70
MSI Core i7 13th Gen ,0,0,0,144990,165990,Intel Core i7 Processor (13th Gen),16 GB LPDDR5 RAM,1 TB SSD,https://rukminim1.flixcart.com/image/312/312/xif0q/computer/n/a/n/summit-e13flipevo-a13mt-226in-thin-and-light-laptop-msi-original-imagnjymz4ypmtyy.jpeg?q=70
HP Victus Ryzen 5 Hexa Core 5600H ,4.3,29,3,59490,70070,AMD Ryzen 5 Hexa Core Processor,8 GB DDR4 RAM,512 GB SSD,https://rukminim1.flixcart.com/image/312/312/l5bd5zk0/computer/l/e/k/15-fb0040ax-gaming-laptop-hp-original-imaggyuezf9qtypd.jpeg?q=70
ASUS Chromebook Touch Intel Celeron Dual Core ,3.8,1252,196,16990,30990,Intel Celeron Dual Core Processor,4 GB LPDDR4 RAM,39.62 cm (15.6 inch) Touchscreen Display,https://rukminim1.flixcart.com/image/312/312/l2jcccw0/computer/s/d/u/-original-imagdv4f66jmsqfv.jpeg?q=70
Primebook 4G Android Based MediaTek MT8788 ,4.1,819,264,16990,24990,MediaTek MediaTek MT8788 Processor,4 GB LPDDR4 RAM,29.46 cm (11.6 Inch) Display,https://rukminim1.flixcart.com/image/312/312/xif0q/computer/i/j/k/-original-imagzzsh3afavghf.jpeg?q=70
HP Victus Ryzen 5 Hexa Core 5600H ,0,0,0,68290,87717,AMD Ryzen 5 Hexa Core Processor,8 GB DDR4 RAM,512 GB SSD,https://rukminim1.flixcart.com/image/312/312/l5bd5zk0/computer/x/o/6/15-fb0040ax-gaming-laptop-hp-original-imaggyue2b3anwr9.jpeg?q=70
HP Pavilion Ryzen 5 Hexa Core 5500U ,4.2,126,16,64700,74839,AMD Ryzen 5 Hexa Core Processor,16 GB DDR4 RAM,512 GB SSD,https://rukminim1.flixcart.com/image/312/312/xif0q/computer/2/x/w/-original-imagp7pgfsr4xnxa.jpeg?q=70
ASUS Chromebook Touch Intel Celeron Dual Core ,4,1102,147,15990,29990,Intel Celeron Dual Core Processor,4 GB LPDDR4 RAM,35.56 cm (14 inch) Touchscreen Display,https://rukminim1.flixcart.com/image/312/312/l2jcccw0/computer/6/m/g/-original-imagdv4fkhthwyzb.jpeg?q=70
ASUS Chromebook Flip Touch Celeron Dual Core ,4,2869,394,15990,29990,Intel Celeron Dual Core Processor,4 GB LPDDR4 RAM,29.46 cm (11.6 inch) Touchscreen Display,https://rukminim1.flixcart.com/image/312/312/l2jcccw0/computer/q/t/6/-original-imagdv4ykwrjxbmh.jpeg?q=70
MSI Summit E15 Core i7 11th Gen ,4,3,2,135990,156990,Intel Core i7 Processor (11th Gen),16 GB DDR4 RAM,1 TB SSD,https://rukminim1.flixcart.com/image/312/312/kjabs7k0/computer/t/b/a/msi-original-imafywfftpgtxb9f.jpeg?q=70
HP Pavilion (2023) Eyesafe Intel Core i5 12th Gen ,4.2,68,8,74990,83710,Intel Core i5 Processor (12th Gen),16 GB DDR4 RAM,512 GB SSD,https://rukminim1.flixcart.com/image/312/312/l2hwwi80/computer/9/5/2/eg2036tu-thin-and-light-laptop-hp-original-imagduyqdgd5gtas.jpeg?q=70
MSI Modern 14 Core i7 11th Gen ,4.8,25,5,75990,89990,Intel Core i7 Processor (11th Gen),8 GB DDR4 RAM,512 GB SSD,https://rukminim1.flixcart.com/image/312/312/klzhq4w0/computer/s/k/x/na-thin-and-light-laptop-msi-original-imagyzpcazfbmhjp.jpeg?q=70
HP Pavilion Eyesafe (2023) Intel Core i5 12th Gen ,4,155,23,71990,83710,Intel Core i5 Processor (12th Gen),16 GB DDR4 RAM,512 GB SSD,https://rukminim1.flixcart.com/image/312/312/l2hwwi80/computer/o/q/u/eg2035tu-thin-and-light-laptop-hp-original-imagdtzgzfs6gjfy.jpeg?q=70
Lenovo Slim 3 Chromebook Touch Intel Celeron Dual Core ,3.7,163,14,23990,39990,Intel Celeron Dual Core Processor,4 GB LPDDR4 RAM,35.56 cm (14 inch) Touchscreen Display,https://rukminim1.flixcart.com/image/312/312/xif0q/computer/7/k/4/-original-imaggqgb6dbkyhbe.jpeg?q=70
HP intel Celeron Dual Core ,3.7,174,21,20990,31531,Intel Celeron Dual Core Processor,4 GB LPDDR4 RAM,35.56 cm (14 Inch) Touchscreen Display,https://rukminim1.flixcart.com/image/312/312/xif0q/computer/6/p/a/chromebook-chromebook-hp-original-imagkwj8tahdykbd.jpeg?q=70
MSI Core i5 12th Gen ,0,0,0,76990,95990,Intel Core i5 Processor (12th Gen),8 GB DDR4 RAM,512 GB SSD,https://rukminim1.flixcart.com/image/312/312/kt1u3rk0/computer/v/x/u/katana-gf66-11ud-thin-and-light-laptop-msi-original-imag6hgucfpqacvt.jpeg?q=70
APPLE MacBook Pro Core i5 8th Gen ,4.2,108,13,162490,179900,Intel Core i5 Processor (8th Gen),8 GB DDR3 RAM,512 GB SSD,https://rukminim1.flixcart.com/image/312/312/jyq5oy80/computer/t/y/2/apple-na-thin-and-light-laptop-original-imafgwev6abfznds.jpeg?q=70
ASUS Chromebook Touch Intel Celeron Dual Core ,3.8,1252,196,16990,30990,Intel Celeron Dual Core Processor,4 GB LPDDR4 RAM,39.62 cm (15.6 inch) Touchscreen Display,https://rukminim1.flixcart.com/image/312/312/l2jcccw0/computer/s/d/u/-original-imagdv4f66jmsqfv.jpeg?q=70
Primebook 4G Android Based MediaTek MT8788 ,4.1,819,264,16990,24990,MediaTek MediaTek MT8788 Processor,4 GB LPDDR4 RAM,29.46 cm (11.6 Inch) Display,https://rukminim1.flixcart.com/image/312/312/xif0q/computer/i/j/k/-original-imagzzsh3afavghf.jpeg?q=70
APPLE 2021 Macbook Pro M1 Pro ,4.8,134,14,243990,259900,Apple M1 Pro Processor,16 GB Unified Memory RAM,1 TB SSD,https://rukminim1.flixcart.com/image/312/312/kuyf8nk0/computer/g/z/q/mk1e3hn-a-laptop-apple-original-imag7yzmv57cvg3f.jpeg?q=70
HP Pavillion x360 convertible Intel Core i5 12th Gen ,4.3,39,5,73990,87095,Intel Core i5 Processor (12th Gen),16 GB DDR4 RAM,512 GB SSD,https://rukminim1.flixcart.com/image/312/312/xif0q/computer/d/r/t/14-ek0088tu-thin-and-light-laptop-hp-original-imagh89bdga9fcys.jpeg?q=70
HP Ryzen 7 Octa Core 5800U ,0,0,0,94500,110990,AMD Ryzen 7 Octa Core Processor,16 GB DDR4 RAM,512 GB SSD,https://rukminim1.flixcart.com/image/312/312/l2ghgnk0/computer/v/3/7/-original-imagdsjsjszc65fh.jpeg?q=70
HP Victus Ryzen 7 Octa Core 5800H ,0,0,0,107990,140347,AMD Ryzen 7 Octa Core Processor,16 GB DDR4 RAM,1 TB SSD,https://rukminim1.flixcart.com/image/312/312/kvvad8w0/computer/m/k/t/16-e0362ax-gaming-laptop-hp-original-imag8zh5mbczsxws.jpeg?q=70
ASUS Chromebook Touch Intel Celeron Dual Core ,4,1102,147,15990,29990,Intel Celeron Dual Core Processor,4 GB LPDDR4 RAM,35.56 cm (14 inch) Touchscreen Display,https://rukminim1.flixcart.com/image/312/312/l2jcccw0/computer/6/m/g/-original-imagdv4fkhthwyzb.jpeg?q=70
ASUS Chromebook Flip Touch Celeron Dual Core ,4,2869,394,15990,29990,Intel Celeron Dual Core Processor,4 GB LPDDR4 RAM,29.46 cm (11.6 inch) Touchscreen Display,https://rukminim1.flixcart.com/image/312/312/l2jcccw0/computer/q/t/6/-original-imagdv4ykwrjxbmh.jpeg?q=70
APPLE 2021 Macbook Pro M1 Max ,4.3,13,5,309490,329900,Apple M1 Max Processor,32 GB Unified Memory RAM,1 TB SSD,https://rukminim1.flixcart.com/image/312/312/kuyf8nk0/computer/g/z/q/mk1e3hn-a-laptop-apple-original-imag7yzmv57cvg3f.jpeg?q=70
HP Spectre Eyesafe Intel Evo Core i7 12th Gen ,4,4,1,129990,146135,Intel Core i7 Processor (12th Gen),16 GB LPDDR4X RAM,512 GB SSD,https://rukminim1.flixcart.com/image/312/312/xif0q/computer/h/s/n/spectre-x360-13-notebook-hp-original-imagg4fa4ng9axqx.jpeg?q=70
Lenovo Slim 3 Chromebook Touch Intel Celeron Dual Core ,3.7,163,14,23990,39990,Intel Celeron Dual Core Processor,4 GB LPDDR4 RAM,35.56 cm (14 inch) Touchscreen Display,https://rukminim1.flixcart.com/image/312/312/xif0q/computer/7/k/4/-original-imaggqgb6dbkyhbe.jpeg?q=70
HP Chromebook (2023) Intel Core i5 11th Gen ,4.5,13,0,55990,72154,Intel Core i5 Processor (11th Gen),8 GB DDR4 RAM,256 GB SSD,https://rukminim1.flixcart.com/image/312/312/kwv0djk0/computer/3/n/y/14c-cc0010tu-chromebook-hp-original-imag9g9mhckzhuqt.jpeg?q=70
MSI Core i5 11th Gen ,4.3,459,37,62990,83990,Intel Core i5 Processor (11th Gen),8 GB DDR4 RAM,512 GB SSD,https://rukminim1.flixcart.com/image/312/312/l2qhjm80/computer/l/t/g/gf63-thin-11uc-867in-gaming-laptop-msi-original-imageyk5hzuthuyf.jpeg?q=70
HP Celeron Dual Core ,3.4,5,2,23990,33390,Intel Celeron Dual Core Processor,4 GB LPDDR4X RAM,39.62 cm (15.6 Inch) Display,https://rukminim1.flixcart.com/image/312/312/xif0q/computer/e/v/4/15a-na0012tu-thin-and-light-laptop-hp-original-imagnxac6v3srvpw.jpeg?q=70
HP OMEN Core i7 12th Gen ,0,0,0,169990,189900,Intel Core i7 Processor (12th Gen),16 GB DDR5 RAM,1 TB SSD,https://rukminim1.flixcart.com/image/312/312/kzn17680/computer/1/i/z/-original-imagbhzqahdzyx4e.jpeg?q=70
HP Chromebook (2023) MediaTek Kompanio 1200 ,0,0,0,43990,51812,MediaTek MediaTek Kompanio 1200 Processor,8 GB LPDDR4X RAM,256 GB SSD,https://rukminim1.flixcart.com/image/312/312/xif0q/computer/c/p/p/13b-ca0006mu-thin-and-light-laptop-hp-original-imagzyavzxwvddgw.jpeg?q=70
HP Celeron Dual Core ,0,0,0,23990,33390,Intel Celeron Dual Core Processor,4 GB LPDDR4X RAM,39.62 cm (15.6 Inch) Display,https://rukminim1.flixcart.com/image/312/312/xif0q/computer/9/r/2/15a-na0008tu-thin-and-light-laptop-hp-original-imagnxa9z9ygfb8q.jpeg?q=70
HP Chromebook MediaTek Kompanio 500 ,3.8,6338,713,19990,25451,MediaTek MediaTek Kompanio 500 Processor,4 GB LPDDR4X RAM,29.46 cm (11.6 inch) Touchscreen Display,https://rukminim1.flixcart.com/image/312/312/xif0q/computer/2/m/e/-original-imagkqwzw9cdvgj2.jpeg?q=70
HP Pavilion x360 Core i3 8th Gen ,4,59,9,58990,59129,Intel Core i3 Processor (8th Gen),4 GB DDR4 RAM,1 TB HDD|8 GB SSD,https://rukminim1.flixcart.com/image/312/312/jtsz3bk0/computer/e/6/4/hp-na-2-in-1-laptop-original-imaff2qfhwz6vgq8.jpeg?q=70
HP Victus Intel Core i7 13th Gen ,0,0,0,109990,127764,Intel Core i7 Processor (13th Gen),16 GB DDR4 RAM,512 GB SSD,https://rukminim1.flixcart.com/image/312/312/xif0q/computer/0/3/6/15-fa1066tx-gaming-laptop-hp-original-imagp39hm3tg4ahv.jpeg?q=70
Lenovo IdeaPad 5 Intel Core i5 11th Gen ,4.3,68,5,60990,90490,Intel Core i5 Processor (11th Gen),16 GB DDR4 RAM,512 GB SSD,https://rukminim1.flixcart.com/image/312/312/klfhk7k0/computer/w/u/x/na-thin-and-light-laptop-lenovo-original-imagyk4hedcydqx5.jpeg?q=70
Lenovo IdeaPad 3 Core i3 11th Gen ,4.2,70,5,34990,60090,Intel Core i3 Processor (11th Gen),8 GB DDR4 RAM,256 GB SSD,https://rukminim1.flixcart.com/image/312/312/ky90scw0/computer/k/7/k/ideapad-slim-82h801lgin-laptop-lenovo-original-imagagrpkzaxrcdc.jpeg?q=70
HP 15s (2023) Ryzen 3 Quad Core 7320U ,0,0,0,41490,47710,AMD Ryzen 3 Quad Core Processor,8 GB LPDDR5 RAM,512 GB SSD,https://rukminim1.flixcart.com/image/312/312/xif0q/computer/c/w/5/-original-imagpecqk6gdp9dh.jpeg?q=70
MSI Core i5 12th Gen ,0,0,0,59990,83990,Intel Core i5 Processor (12th Gen),16 GB DDR4 RAM,512 GB SSD,https://rukminim1.flixcart.com/image/312/312/l2qhjm80/computer/l/t/g/gf63-thin-11uc-867in-gaming-laptop-msi-original-imageyk5hzuthuyf.jpeg?q=70
MSI Katana 15 Core i7 12th Gen ,0,0,0,88990,103990,Intel Core i7 Processor (12th Gen),8 GB DDR5 RAM,512 GB SSD,https://rukminim1.flixcart.com/image/312/312/xif0q/computer/i/w/k/katana-15-b12udxk-1019in-gaming-laptop-msi-original-imagp9fkssgswfca.jpeg?q=70
MSI Katana 15 Core i5 12th Gen ,0,0,0,78990,93990,Intel Core i5 Processor (12th Gen),8 GB DDR5 RAM,512 GB SSD,https://rukminim1.flixcart.com/image/312/312/xif0q/computer/i/w/k/katana-15-b12udxk-1019in-gaming-laptop-msi-original-imagp9fkssgswfca.jpeg?q=70
ASUS Chromebook Touch Intel Celeron Dual Core ,3.8,1252,196,16990,30990,Intel Celeron Dual Core Processor,4 GB LPDDR4 RAM,39.62 cm (15.6 inch) Touchscreen Display,https://rukminim1.flixcart.com/image/312/312/l2jcccw0/computer/s/d/u/-original-imagdv4f66jmsqfv.jpeg?q=70
Primebook 4G Android Based MediaTek MT8788 ,4.1,819,264,16990,24990,MediaTek MediaTek MT8788 Processor,4 GB LPDDR4 RAM,29.46 cm (11.6 Inch) Display,https://rukminim1.flixcart.com/image/312/312/xif0q/computer/i/j/k/-original-imagzzsh3afavghf.jpeg?q=70
MSI Katana 15 Core i7 12th Gen ,0,0,0,96990,109990,Intel Core i7 Processor (12th Gen),16 GB DDR5 RAM,1 TB SSD,https://rukminim1.flixcart.com/image/312/312/xif0q/computer/i/w/k/katana-15-b12udxk-1019in-gaming-laptop-msi-original-imagp9fkssgswfca.jpeg?q=70
MSI Katana 15 Core i5 12th Gen ,0,0,0,81990,96900,Intel Core i5 Processor (12th Gen),16 GB DDR5 RAM,512 GB SSD,https://rukminim1.flixcart.com/image/312/312/xif0q/computer/i/w/k/katana-15-b12udxk-1019in-gaming-laptop-msi-original-imagp9fkssgswfca.jpeg?q=70
ASUS Chromebook Touch Intel Celeron Dual Core ,4,1102,147,15990,29990,Intel Celeron Dual Core Processor,4 GB LPDDR4 RAM,35.56 cm (14 inch) Touchscreen Display,https://rukminim1.flixcart.com/image/312/312/l2jcccw0/computer/6/m/g/-original-imagdv4fkhthwyzb.jpeg?q=70
ASUS Chromebook Flip Touch Celeron Dual Core ,4,2869,394,15990,29990,Intel Celeron Dual Core Processor,4 GB LPDDR4 RAM,29.46 cm (11.6 inch) Touchscreen Display,https://rukminim1.flixcart.com/image/312/312/l2jcccw0/computer/q/t/6/-original-imagdv4ykwrjxbmh.jpeg?q=70
MSI Core i7 12th Gen ,3.9,14,2,67990,83990,Intel Core i7 Processor (12th Gen),16 GB DDR4 RAM,512 GB SSD,https://rukminim1.flixcart.com/image/312/312/xif0q/computer/4/z/j/-original-imaghvf8ybzgrerk.jpeg?q=70
HP Victus Ryzen 5 Hexa Core 5600H ,4.1,78,7,53999,61012,AMD Ryzen 5 Hexa Core Processor,8 GB DDR4 RAM,512 GB SSD,https://rukminim1.flixcart.com/image/312/312/xif0q/computer/p/m/6/15-fb0121ax-gaming-laptop-hp-original-imagp39ksrhjaxfa.jpeg?q=70
MSI Stealth Core i7 8th Gen ,4.8,5,1,174490,189990,NVIDIA GeForce RTX 2060,Intel Core i7 Processor (8th Gen),64 bit Windows 10 Operating System,https://rukminim1.flixcart.com/image/312/312/juk4gi80/computer/d/v/r/msi-na-gaming-laptop-original-imafcwryd6vccwgc.jpeg?q=70
HP Omen Ryzen 7 Ryzen 7 Octa Core 6800H ,0,0,0,89990,121355,AMD Ryzen 7 Octa Core Processor,16 GB DDR5 RAM,512 GB SSD,https://rukminim1.flixcart.com/image/312/312/xif0q/computer/c/s/a/16-n0049ax-gaming-laptop-hp-original-imaghwptyggvfjjd.jpeg?q=70
Lenovo Slim 3 Chromebook Touch Intel Celeron Dual Core ,3.7,163,14,23990,39990,Intel Celeron Dual Core Processor,4 GB LPDDR4 RAM,35.56 cm (14 inch) Touchscreen Display,https://rukminim1.flixcart.com/image/312/312/xif0q/computer/7/k/4/-original-imaggqgb6dbkyhbe.jpeg?q=70
HP Chromebook (2023) Intel Core i5 11th Gen ,4.5,13,0,55990,72154,Intel Core i5 Processor (11th Gen),8 GB DDR4 RAM,256 GB SSD,https://rukminim1.flixcart.com/image/312/312/kwv0djk0/computer/3/n/y/14c-cc0010tu-chromebook-hp-original-imag9g9mhckzhuqt.jpeg?q=70
MSI Pulse GL66 Core i7 11th Gen ,4.6,5,2,94990,123990,Pre-installed Genuine Windows 10 Home OS,Intel Core i7 Processor (11th Gen),64 bit Windows 10 Operating System,https://rukminim1.flixcart.com/image/312/312/kr3tj0w0/computer/b/p/r/na-notebook-msi-original-imag4z5zs2xkvmwh.jpeg?q=70
HP OMEN Core i7 11th Gen ,1,1,1,113990,132717,Intel Core i7 Processor (11th Gen),16 GB DDR4 RAM,1 TB SSD,https://rukminim1.flixcart.com/image/312/312/kzn17680/computer/1/i/z/-original-imagbhzqahdzyx4e.jpeg?q=70
HP Celeron Dual Core ,0,0,0,23990,33390,Intel Celeron Dual Core Processor,4 GB LPDDR4X RAM,39.62 cm (15.6 Inch) Display,https://rukminim1.flixcart.com/image/312/312/xif0q/computer/9/r/2/15a-na0008tu-thin-and-light-laptop-hp-original-imagnxa9z9ygfb8q.jpeg?q=70
HP Chromebook MediaTek Kompanio 500 ,3.8,6338,713,19990,25451,MediaTek MediaTek Kompanio 500 Processor,4 GB LPDDR4X RAM,29.46 cm (11.6 inch) Touchscreen Display,https://rukminim1.flixcart.com/image/312/312/xif0q/computer/2/m/e/-original-imagkqwzw9cdvgj2.jpeg?q=70
HP Envy x360 Creator OLED Eyesafe Intel Evo Core i7 12th Gen ,4.4,16,2,113990,132871,Intel Core i7 Processor (12th Gen),16 GB LPDDR4X RAM,1 TB SSD,https://rukminim1.flixcart.com/image/312/312/xif0q/computer/h/k/z/x360-bf0058tu-thin-and-light-laptop-hp-original-imagh4ypj3ujgska.jpeg?q=70
HP Envy x360 Creator OLED Eyesafe Intel Evo Core i7 12th Gen ,4.3,17,1,104990,121630,Intel Core i7 Processor (12th Gen),16 GB LPDDR4X RAM,512 GB SSD,https://rukminim1.flixcart.com/image/312/312/xif0q/computer/r/y/n/x360-bf0059tu-thin-and-light-laptop-hp-original-imagh4z7h3f56xxj.jpeg?q=70
